depth_mm,dedx_MeVmm,energy_MeV,material
0.005000,2711.5185,34706.4437,E
0.010000,2712.1701,34692.8842,E
0.015000,2712.8223,34679.3214,E
0.020000,2713.4751,34665.7553,E
0.025000,2714.1285,34652.1860,E
0.030000,2714.7824,34638.6133,E
0.035000,2715.4369,34625.0375,E
0.040000,2716.0919,34611.4583,E
0.045000,2716.7475,34597.8759,E
0.050000,2717.4038,34584.2902,E
0.055000,2718.0605,34570.7012,E
0.060000,2718.7179,34557.1089,E
0.065000,2158.7529,34546.3160,G
0.070000,2159.1800,34535.5210,G
0.075000,2159.6074,34524.7238,G
0.080000,2160.0350,34513.9245,G
0.085000,2160.4630,34503.1230,G
0.090000,2160.8913,34492.3194,G
0.095000,2161.3199,34481.5137,G
0.100000,2161.7488,34470.7058,G
0.105000,2162.1779,34459.8958,G
0.110000,2162.6074,34449.0836,G
0.115000,2163.0372,34438.2692,G
0.120000,2163.4674,34427.4528,G
0.125000,2163.8978,34416.6341,G
0.130000,2164.3285,34405.8134,G
0.135000,2164.7595,34394.9904,G
0.140000,2165.1909,34384.1653,G
0.145000,2165.6225,34373.3381,G
0.150000,2166.0545,34362.5087,G
0.155000,2166.4867,34351.6771,G
0.160000,2166.9193,34340.8434,G
0.165000,2167.3522,34330.0075,G
0.170000,2167.7854,34319.1694,G
0.175000,2168.2189,34308.3292,G
0.180000,2168.6527,34297.4868,G
0.185000,2169.0868,34286.6422,G
0.190000,2169.5212,34275.7955,G
0.195000,2169.9560,34264.9466,G
0.200000,2170.3910,34254.0955,G
0.205000,2170.8264,34243.2422,G
0.210000,2171.2621,34232.3868,G
0.215000,2171.6981,34221.5292,G
0.220000,2172.1344,34210.6694,G
0.225000,2172.5710,34199.8074,G
0.230000,2173.0079,34188.9432,G
0.235000,2173.4452,34178.0769,G
0.240000,2173.8827,34167.2083,G
0.245000,2174.3206,34156.3376,G
0.250000,2174.7588,34145.4647,G
0.255000,2175.1973,34134.5896,G
0.260000,2175.6362,34123.7123,G
0.265000,2176.0753,34112.8328,G
0.270000,2176.5148,34101.9511,G
0.275000,2176.9546,34091.0672,G
0.280000,2177.3947,34080.1811,G
0.285000,2177.8351,34069.2928,G
0.290000,2178.2758,34058.4023,G
0.295000,2178.7169,34047.5096,G
0.300000,2179.1583,34036.6147,G
0.305000,2179.6000,34025.7176,G
0.310000,2180.0420,34014.8183,G
0.315000,2180.4843,34003.9167,G
0.320000,2180.9270,33993.0130,G
0.325000,2181.3700,33982.1070,G
0.330000,2181.8133,33971.1988,G
0.335000,2182.2569,33960.2884,G
0.340000,2182.7009,33949.3758,G
0.345000,2183.1451,33938.4610,G
0.350000,2183.5897,33927.5439,G
0.355000,2184.0346,33916.6246,G
0.360000,2184.4799,33905.7031,G
0.365000,2184.9255,33894.7794,G
0.370000,2185.3714,33883.8534,G
0.375000,2185.8176,33872.9252,G
0.380000,2186.2641,33861.9948,G
0.385000,2186.7110,33851.0621,G
0.390000,2187.1582,33840.1273,G
0.395000,2187.6058,33829.1901,G
0.400000,2188.0536,33818.2507,G
0.405000,2188.5018,33807.3091,G
0.410000,2188.9503,33796.3653,G
0.415000,2189.3992,33785.4192,G
0.420000,2189.8483,33774.4708,G
0.425000,2190.2979,33763.5202,G
0.430000,2190.7477,33752.5674,G
0.435000,2191.1979,33741.6123,G
0.440000,2191.6484,33730.6550,G
0.445000,2192.0992,33719.6954,G
0.450000,2192.5503,33708.7335,G
0.455000,2193.0018,33697.7694,G
0.460000,2193.4537,33686.8031,G
0.465000,2193.9058,33675.8344,G
0.470000,2194.3583,33664.8636,G
0.475000,2194.8112,33653.8904,G
0.480000,2195.2643,33642.9150,G
0.485000,2195.7178,33631.9373,G
0.490000,2196.1717,33620.9574,G
0.495000,2196.6258,33609.9751,G
0.500000,2197.0803,33598.9906,G
0.505000,2197.5352,33588.0039,G
0.510000,2197.9904,33577.0148,G
0.515000,2198.4459,33566.0235,G
0.520000,2198.9017,33555.0299,G
0.525000,2199.3579,33544.0340,G
0.530000,2199.8145,33533.0359,G
0.535000,2200.2713,33522.0354,G
0.540000,2200.7286,33511.0327,G
0.545000,2201.1861,33500.0277,G
0.550000,2201.6440,33489.0204,G
0.555000,2202.1022,33478.0108,G
0.560000,2202.5608,33466.9989,G
0.565000,2203.0197,33455.9847,G
0.570000,2203.4790,33444.9683,G
0.575000,2203.9386,33433.9495,G
0.580000,2204.3986,33422.9284,G
0.585000,2204.8589,33411.9050,G
0.590000,2205.3195,33400.8794,G
0.595000,2205.7805,33389.8514,G
0.600000,2206.2418,33378.8211,G
0.605000,2206.7035,33367.7885,G
0.610000,2207.1655,33356.7536,G
0.615000,2207.6279,33345.7164,G
0.620000,2208.0906,33334.6769,G
0.625000,2208.5536,33323.6350,G
0.630000,2209.0170,33312.5909,G
0.635000,2209.4808,33301.5444,G
0.640000,2209.9449,33290.4956,G
0.645000,2210.4093,33279.4445,G
0.650000,2210.8741,33268.3910,G
0.655000,2211.3393,33257.3353,G
0.660000,2211.8048,33246.2772,G
0.665000,2212.2707,33235.2167,G
0.670000,2212.7369,33224.1540,G
0.675000,2213.2034,33213.0889,G
0.680000,2213.6703,33202.0215,G
0.685000,2214.1376,33190.9517,G
0.690000,2214.6052,33179.8796,G
0.695000,2215.0732,33168.8052,G
0.700000,2215.5415,33157.7284,G
0.705000,2216.0102,33146.6493,G
0.710000,2216.4792,33135.5679,G
0.715000,2216.9486,33124.4841,G
0.720000,2217.4183,33113.3979,G
0.725000,2217.8884,33102.3094,G
0.730000,2218.3589,33091.2186,G
0.735000,2218.8297,33080.1254,G
0.740000,2219.3009,33069.0298,G
0.745000,2219.7724,33057.9319,G
0.750000,2220.2443,33046.8316,G
0.755000,2220.7166,33035.7290,G
0.760000,2221.1892,33024.6240,G
0.765000,2221.6622,33013.5166,G
0.770000,2222.1355,33002.4069,G
0.775000,2222.6092,32991.2948,G
0.780000,2223.0832,32980.1803,G
0.785000,2223.5576,32969.0635,G
0.790000,2224.0324,32957.9442,G
0.795000,2224.5076,32946.8227,G
0.800000,2224.9831,32935.6987,G
0.805000,2225.4589,32924.5724,G
0.810000,2225.9352,32913.4436,G
0.815000,2226.4118,32902.3125,G
0.820000,2226.8887,32891.1790,G
0.825000,2227.3661,32880.0432,G
0.830000,2227.8438,32868.9049,G
0.835000,2228.3218,32857.7642,G
0.840000,2228.8003,32846.6212,G
0.845000,2229.2791,32835.4758,G
0.850000,2229.7582,32824.3279,G
0.855000,2230.2378,32813.1777,G
0.860000,2230.7177,32802.0251,G
0.865000,2231.1979,32790.8700,G
0.870000,2231.6786,32779.7126,G
0.875000,2232.1596,32768.5528,G
0.880000,2232.6410,32757.3905,G
0.885000,2233.1228,32746.2259,G
0.890000,2233.6049,32735.0588,G
0.895000,2234.0874,32723.8893,G
0.900000,2234.5703,32712.7175,G
0.905000,2235.0535,32701.5432,G
0.910000,2235.5372,32690.3664,G
0.915000,2236.0212,32679.1873,G
0.920000,2236.5055,32668.0057,G
0.925000,2236.9903,32656.8218,G
0.930000,2237.4754,32645.6354,G
0.935000,2237.9609,32634.4465,G
0.940000,2238.4468,32623.2553,G
0.945000,2238.9331,32612.0616,G
0.950000,2239.4197,32600.8654,G
0.955000,2239.9067,32589.6669,G
0.960000,2240.3941,32578.4659,G
0.965000,2240.8819,32567.2625,G
0.970000,2241.3701,32556.0566,G
0.975000,2241.8586,32544.8483,G
0.980000,2242.3475,32533.6375,G
0.985000,2242.8368,32522.4243,G
0.990000,2243.3265,32511.2086,G
0.995000,2243.8166,32499.9905,G
1.000000,2244.3070,32488.7700,G
1.005000,2244.7979,32477.5470,G
1.010000,2245.2891,32466.3215,G
1.015000,2245.7807,32455.0936,G
1.020000,2246.2727,32443.8632,G
1.025000,2246.7650,32432.6304,G
1.030000,2247.2578,32421.3951,G
1.035000,2247.7510,32410.1573,G
1.040000,2248.2445,32398.9171,G
1.045000,2248.7384,32387.6744,G
1.050000,2249.2327,32376.4292,G
1.055000,2249.7274,32365.1815,G
1.060000,2250.2225,32353.9314,G
1.065000,2250.7180,32342.6788,G
1.070000,2251.2139,32331.4237,G
1.075000,2251.7102,32320.1662,G
1.080000,2252.2068,32308.9062,G
1.085000,2252.7039,32297.6436,G
1.090000,2253.2013,32286.3786,G
1.095000,2253.6991,32275.1111,G
1.100000,2254.1974,32263.8411,G
1.105000,2254.6960,32252.5686,G
1.110000,2255.1950,32241.2937,G
1.115000,2255.6944,32230.0162,G
1.120000,2256.1942,32218.7362,G
1.125000,2256.6944,32207.4537,G
1.130000,2257.1951,32196.1688,G
1.135000,2257.6961,32184.8813,G
1.140000,2258.1975,32173.5913,G
1.145000,2258.6993,32162.2988,G
1.150000,2259.2015,32151.0038,G
1.155000,2259.7041,32139.7063,G
1.160000,2260.2071,32128.4063,G
1.165000,2260.7105,32117.1037,G
1.170000,2261.2143,32105.7987,G
1.175000,2261.7185,32094.4911,G
1.180000,2262.2231,32083.1810,G
1.185000,2262.7281,32071.8683,G
1.190000,2263.2335,32060.5532,G
1.195000,2263.7393,32049.2355,G
1.200000,2264.2455,32037.9153,G
1.205000,2264.7522,32026.5925,G
1.210000,2265.2592,32015.2673,G
1.215000,2265.7666,32003.9394,G
1.220000,2266.2745,31992.6091,G
1.225000,2266.7827,31981.2762,G
1.230000,2267.2914,31969.9407,G
1.235000,2267.8005,31958.6028,G
1.240000,2268.3100,31947.2622,G
1.245000,2268.8199,31935.9192,G
1.250000,2269.3302,31924.5735,G
1.255000,2269.8409,31913.2253,G
1.260000,2270.3520,31901.8746,G
1.265000,2270.8635,31890.5213,G
1.270000,2271.3755,31879.1655,G
1.275000,2271.8879,31867.8070,G
1.280000,2272.4006,31856.4461,G
1.285000,2272.9138,31845.0825,G
1.290000,2273.4274,31833.7164,G
1.295000,2273.9415,31822.3477,G
1.300000,2274.4559,31810.9765,G
1.305000,2274.9708,31799.6027,G
1.310000,2275.4860,31788.2263,G
1.315000,2276.0017,31776.8473,G
1.320000,2276.5178,31765.4657,G
1.325000,2277.0344,31754.0816,G
1.330000,2277.5513,31742.6949,G
1.335000,2278.0687,31731.3056,G
1.340000,2278.5865,31719.9137,G
1.345000,2279.1047,31708.5192,G
1.350000,2279.6233,31697.1221,G
1.355000,2280.1424,31685.7224,G
1.360000,2280.6619,31674.3201,G
1.365000,2281.1818,31662.9153,G
1.370000,2281.7021,31651.5078,G
1.375000,2282.2229,31640.0977,G
1.380000,2282.7440,31628.6851,G
1.385000,2283.2656,31617.2698,G
1.390000,2283.7877,31605.8519,G
1.395000,2284.3101,31594.4314,G
1.400000,2284.8330,31583.0083,G
1.405000,2285.3563,31571.5825,G
1.410000,2285.8801,31560.1542,G
1.415000,2286.4043,31548.7232,G
1.420000,2286.9289,31537.2896,G
1.425000,2287.4539,31525.8534,G
1.430000,2287.9794,31514.4145,G
1.435000,2288.5053,31502.9731,G
1.440000,2289.0316,31491.5290,G
1.445000,2289.5584,31480.0822,G
1.450000,2290.0856,31468.6328,G
1.455000,2290.6132,31457.1808,G
1.460000,2291.1413,31445.7262,G
1.465000,2291.6698,31434.2689,G
1.470000,2292.1988,31422.8090,G
1.475000,2292.7282,31411.3464,G
1.480000,2293.2580,31399.8811,G
1.485000,2293.7882,31388.4133,G
1.490000,2294.3189,31376.9427,G
1.495000,2294.8501,31365.4695,G
1.500000,2295.3817,31353.9937,G
1.505000,2295.9137,31342.5152,G
1.510000,2296.4461,31331.0340,G
1.515000,2296.9791,31319.5502,G
1.520000,2297.5124,31308.0637,G
1.525000,2298.0462,31296.5745,G
1.530000,2298.5804,31285.0827,G
1.535000,2299.1151,31273.5882,G
1.540000,2299.6502,31262.0910,G
1.545000,2300.1858,31250.5912,G
1.550000,2300.7218,31239.0886,G
1.555000,2301.2583,31227.5834,G
1.560000,2301.7952,31216.0755,G
1.565000,2302.3326,31204.5649,G
1.570000,2302.8704,31193.0516,G
1.575000,2303.4086,31181.5357,G
1.580000,2303.9474,31170.0170,G
1.585000,2304.4865,31158.4957,G
1.590000,2305.0261,31146.9716,G
1.595000,2305.5662,31135.4449,G
1.600000,2306.1067,31123.9154,G
1.605000,2306.6477,31112.3832,G
1.610000,2307.1891,31100.8484,G
1.615000,2307.7310,31089.3108,G
1.620000,2308.2734,31077.7705,G
1.625000,2308.8162,31066.2275,G
1.630000,2309.3594,31054.6818,G
1.635000,2309.9031,31043.1334,G
1.640000,2310.4473,31031.5823,G
1.645000,2310.9919,31020.0284,G
1.650000,2311.5370,31008.4718,G
1.655000,2312.0826,30996.9125,G
1.660000,2312.6286,30985.3504,G
1.665000,2313.1751,30973.7856,G
1.670000,2313.7220,30962.2181,G
1.675000,2314.2694,30950.6479,G
1.680000,2314.8173,30939.0749,G
1.685000,2315.3656,30927.4991,G
1.690000,2315.9144,30915.9207,G
1.695000,2316.4637,30904.3394,G
1.700000,2317.0134,30892.7555,G
1.705000,2317.5636,30881.1688,G
1.710000,2318.1142,30869.5793,G
1.715000,2318.6654,30857.9871,G
1.720000,2319.2170,30846.3921,G
1.725000,2319.7690,30834.7943,G
1.730000,2320.3216,30823.1938,G
1.735000,2320.8746,30811.5906,G
1.740000,2321.4281,30799.9845,G
1.745000,2321.9820,30788.3757,G
1.750000,2322.5365,30776.7642,G
1.755000,2323.0914,30765.1498,G
1.760000,2323.6467,30753.5327,G
1.765000,2324.2026,30741.9128,G
1.770000,2324.7589,30730.2901,G
1.775000,2325.3157,30718.6647,G
1.780000,2325.8730,30707.0364,G
1.785000,2326.4308,30695.4054,G
1.790000,2326.9890,30683.7715,G
1.795000,2327.5478,30672.1349,G
1.800000,2328.1070,30660.4955,G
1.805000,2328.6666,30648.8533,G
1.810000,2329.2268,30637.2083,G
1.815000,2329.7875,30625.5605,G
1.820000,2330.3486,30613.9098,G
1.825000,2330.9102,30602.2564,G
1.830000,2331.4723,30590.6002,G
1.835000,2332.0349,30578.9411,G
1.840000,2332.5980,30567.2793,G
1.845000,2333.1615,30555.6146,G
1.850000,2333.7256,30543.9471,G
1.855000,2334.2901,30532.2768,G
1.860000,2334.8552,30520.6036,G
1.865000,2335.4207,30508.9276,G
1.870000,2335.9867,30497.2488,G
1.875000,2336.5532,30485.5672,G
1.880000,2337.1202,30473.8827,G
1.885000,2337.6876,30462.1954,G
1.890000,2338.2556,30450.5053,G
1.895000,2338.8241,30438.8123,G
1.900000,2339.3931,30427.1165,G
1.905000,2339.9625,30415.4178,G
1.910000,2340.5325,30403.7163,G
1.915000,2341.1029,30392.0119,G
1.920000,2341.6739,30380.3047,G
1.925000,2342.2453,30368.5946,G
1.930000,2342.8173,30356.8817,G
1.935000,2343.3897,30345.1659,G
1.940000,2343.9627,30333.4472,G
1.945000,2344.5362,30321.7257,G
1.950000,2345.1101,30310.0013,G
1.955000,2345.6846,30298.2740,G
1.960000,2346.2595,30286.5438,G
1.965000,2346.8350,30274.8108,G
1.970000,2347.4110,30263.0749,G
1.975000,2347.9875,30251.3361,G
1.980000,2348.5645,30239.5944,G
1.985000,2349.1419,30227.8499,G
1.990000,2349.7200,30216.1025,G
1.995000,2350.2985,30204.3521,G
2.000000,2350.8775,30192.5989,G
2.005000,2351.4570,30180.8428,G
2.010000,2352.0371,30169.0837,G
2.015000,2352.6176,30157.3218,G
2.020000,2353.1987,30145.5570,G
2.025000,2353.7803,30133.7892,G
2.030000,2354.3624,30122.0186,G
2.035000,2354.9450,30110.2450,G
2.040000,2355.5282,30098.4686,G
2.045000,2356.1118,30086.6892,G
2.050000,2356.6960,30074.9069,G
2.055000,2357.2807,30063.1216,G
2.060000,2357.8659,30051.3335,G
2.065000,2963.4992,30036.5178,E
2.070000,2964.3987,30021.6976,E
2.075000,2965.2991,30006.8729,E
2.080000,2966.2006,29992.0437,E
2.085000,2967.1031,29977.2100,E
2.090000,2968.0065,29962.3717,E
2.095000,2968.9109,29947.5290,E
2.100000,2969.8164,29932.6817,E
2.105000,2970.7228,29917.8299,E
2.110000,2971.6303,29902.9736,E
2.115000,2972.5387,29888.1127,E
2.120000,2973.4482,29873.2473,E
2.125000,2367.3462,29861.4117,G
2.130000,2367.9404,29849.5732,G
2.135000,2368.5352,29837.7317,G
2.140000,2369.1305,29825.8873,G
2.145000,2369.7263,29814.0398,G
2.150000,2370.3226,29802.1894,G
2.155000,2370.9195,29790.3360,G
2.160000,2371.5169,29778.4796,G
2.165000,2372.1149,29766.6203,G
2.170000,2372.7134,29754.7579,G
2.175000,2373.3124,29742.8925,G
2.180000,2373.9120,29731.0242,G
2.185000,2374.5122,29719.1528,G
2.190000,2375.1128,29707.2784,G
2.195000,2375.7140,29695.4011,G
2.200000,2376.3158,29683.5207,G
2.205000,2376.9181,29671.6373,G
2.210000,2377.5210,29659.7509,G
2.215000,2378.1244,29647.8615,G
2.220000,2378.7283,29635.9691,G
2.225000,2379.3328,29624.0736,G
2.230000,2379.9379,29612.1751,G
2.235000,2380.5435,29600.2736,G
2.240000,2381.1496,29588.3691,G
2.245000,2381.7563,29576.4615,G
2.250000,2382.3636,29564.5509,G
2.255000,2382.9714,29552.6373,G
2.260000,2383.5798,29540.7206,G
2.265000,2384.1887,29528.8009,G
2.270000,2384.7982,29516.8781,G
2.275000,2385.4082,29504.9523,G
2.280000,2386.0188,29493.0234,G
2.285000,2386.6300,29481.0915,G
2.290000,2387.2417,29469.1565,G
2.295000,2387.8540,29457.2184,G
2.300000,2388.4668,29445.2773,G
2.305000,2389.0802,29433.3332,G
2.310000,2389.6942,29421.3859,G
2.315000,2390.3087,29409.4356,G
2.320000,2390.9238,29397.4822,G
2.325000,2391.5395,29385.5257,G
2.330000,2392.1558,29373.5662,G
2.335000,2392.7726,29361.6036,G
2.340000,2393.3899,29349.6379,G
2.345000,2394.0079,29337.6691,G
2.350000,2394.6264,29325.6972,G
2.355000,2395.2455,29313.7222,G
2.360000,2395.8652,29301.7441,G
2.365000,2396.4854,29289.7629,G
2.370000,2397.1062,29277.7786,G
2.375000,2397.7276,29265.7912,G
2.380000,2398.3496,29253.8007,G
2.385000,2398.9721,29241.8071,G
2.390000,2399.5952,29229.8104,G
2.395000,2400.2190,29217.8105,G
2.400000,2400.8432,29205.8076,G
2.405000,2401.4681,29193.8015,G
2.410000,2402.0936,29181.7922,G
2.415000,2402.7196,29169.7799,G
2.420000,2403.3462,29157.7644,G
2.425000,2403.9734,29145.7458,G
2.430000,2404.6012,29133.7241,G
2.435000,2405.2296,29121.6992,G
2.440000,2405.8585,29109.6711,G
2.445000,2406.4881,29097.6400,G
2.450000,2407.1182,29085.6056,G
2.455000,2407.7490,29073.5681,G
2.460000,2408.3803,29061.5275,G
2.465000,2409.0122,29049.4837,G
2.470000,2409.6447,29037.4367,G
2.475000,2410.2778,29025.3866,G
2.480000,2410.9115,29013.3333,G
2.485000,2411.5458,29001.2769,G
2.490000,2412.1807,28989.2172,G
2.495000,2412.8162,28977.1544,G
2.500000,2413.4523,28965.0884,G
2.505000,2414.0890,28953.0193,G
2.510000,2414.7263,28940.9469,G
2.515000,2415.3642,28928.8714,G
2.520000,2416.0027,28916.7926,G
2.525000,2416.6419,28904.7107,G
2.530000,2417.2816,28892.6256,G
2.535000,2417.9219,28880.5372,G
2.540000,2418.5628,28868.4457,G
2.545000,2419.2044,28856.3510,G
2.550000,2419.8465,28844.2530,G
2.555000,2420.4893,28832.1519,G
2.560000,2421.1326,28820.0475,G
2.565000,2421.7766,28807.9399,G
2.570000,2422.4212,28795.8291,G
2.575000,2423.0664,28783.7150,G
2.580000,2423.7123,28771.5978,G
2.585000,2424.3587,28759.4773,G
2.590000,2425.0058,28747.3535,G
2.595000,2425.6535,28735.2266,G
2.600000,2426.3018,28723.0963,G
2.605000,2426.9507,28710.9629,G
2.610000,2427.6002,28698.8262,G
2.615000,2428.2504,28686.6862,G
2.620000,2428.9012,28674.5430,G
2.625000,2429.5526,28662.3966,G
2.630000,2430.2046,28650.2469,G
2.635000,2430.8573,28638.0939,G
2.640000,2431.5106,28625.9376,G
2.645000,2432.1645,28613.7781,G
2.650000,2432.8191,28601.6153,G
2.655000,2433.4742,28589.4493,G
2.660000,2434.1301,28577.2799,G
2.665000,2434.7865,28565.1073,G
2.670000,2435.4436,28552.9314,G
2.675000,2436.1013,28540.7522,G
2.680000,2436.7597,28528.5697,G
2.685000,2437.4187,28516.3840,G
2.690000,2438.0783,28504.1949,G
2.695000,2438.7386,28492.0025,G
2.700000,2439.3995,28479.8068,G
2.705000,2440.0610,28467.6079,G
2.710000,2440.7232,28455.4056,G
2.715000,2441.3861,28443.2000,G
2.720000,2442.0495,28430.9910,G
2.725000,2442.7137,28418.7788,G
2.730000,2443.3784,28406.5632,G
2.735000,2444.0439,28394.3443,G
2.740000,2444.7099,28382.1221,G
2.745000,2445.3767,28369.8966,G
2.750000,2446.0440,28357.6677,G
2.755000,2446.7121,28345.4355,G
2.760000,2447.3808,28333.1999,G
2.765000,2448.0501,28320.9610,G
2.770000,2448.7201,28308.7187,G
2.775000,2449.3907,28296.4731,G
2.780000,2450.0620,28284.2242,G
2.785000,2450.7340,28271.9718,G
2.790000,2451.4066,28259.7161,G
2.795000,2452.0799,28247.4571,G
2.800000,2452.7539,28235.1947,G
2.805000,2453.4285,28222.9289,G
2.810000,2454.1038,28210.6597,G
2.815000,2454.7797,28198.3872,G
2.820000,2455.4563,28186.1112,G
2.825000,2456.1336,28173.8319,G
2.830000,2456.8115,28161.5492,G
2.835000,2457.4902,28149.2631,G
2.840000,2458.1695,28136.9736,G
2.845000,2458.8494,28124.6807,G
2.850000,2459.5301,28112.3845,G
2.855000,2460.2114,28100.0848,G
2.860000,2460.8934,28087.7817,G
2.865000,2461.5760,28075.4751,G
2.870000,2462.2594,28063.1652,G
2.875000,2462.9434,28050.8519,G
2.880000,2463.6281,28038.5351,G
2.885000,2464.3135,28026.2149,G
2.890000,2464.9995,28013.8913,G
2.895000,2465.6863,28001.5642,G
2.900000,2466.3737,27989.2337,G
2.905000,2467.0619,27976.8998,G
2.910000,2467.7507,27964.5624,G
2.915000,2468.4402,27952.2216,G
2.920000,2469.1304,27939.8773,G
2.925000,2469.8212,27927.5296,G
2.930000,2470.5128,27915.1784,G
2.935000,2471.2051,27902.8238,G
2.940000,2471.8980,27890.4657,G
2.945000,2472.5917,27878.1041,G
2.950000,2473.2861,27865.7391,G
2.955000,2473.9811,27853.3706,G
2.960000,2474.6769,27840.9986,G
2.965000,2475.3733,27828.6231,G
2.970000,2476.0705,27816.2441,G
2.975000,2476.7683,27803.8617,G
2.980000,2477.4669,27791.4757,G
2.985000,2478.1662,27779.0863,G
2.990000,2478.8662,27766.6934,G
2.995000,2479.5669,27754.2969,G
3.000000,2480.2683,27741.8970,G
3.005000,2480.9704,27729.4936,G
3.010000,2481.6732,27717.0866,G
3.015000,2482.3767,27704.6761,G
3.020000,2483.0810,27692.2621,G
3.025000,2483.7859,27679.8446,G
3.030000,2484.4916,27667.4236,G
3.035000,2485.1980,27654.9990,G
3.040000,2485.9051,27642.5709,G
3.045000,2486.6130,27630.1392,G
3.050000,2487.3215,27617.7040,G
3.055000,2488.0308,27605.2653,G
3.060000,2488.7408,27592.8230,G
3.065000,2489.4515,27580.3772,G
3.070000,2490.1630,27567.9278,G
3.075000,2490.8752,27555.4748,G
3.080000,2491.5881,27543.0183,G
3.085000,2492.3018,27530.5582,G
3.090000,2493.0161,27518.0946,G
3.095000,2493.7313,27505.6274,G
3.100000,2494.4471,27493.1566,G
3.105000,2495.1637,27480.6822,G
3.110000,2495.8810,27468.2042,G
3.115000,2496.5991,27455.7226,G
3.120000,2497.3179,27443.2375,G
3.125000,2498.0374,27430.7487,G
3.130000,2498.7577,27418.2564,G
3.135000,2499.4788,27405.7605,G
3.140000,2500.2005,27393.2609,G
3.145000,2500.9231,27380.7577,G
3.150000,2501.6463,27368.2509,G
3.155000,2502.3704,27355.7405,G
3.160000,2503.0951,27343.2265,G
3.165000,2503.8206,27330.7089,G
3.170000,2504.5469,27318.1876,G
3.175000,2505.2740,27305.6627,G
3.180000,2506.0017,27293.1341,G
3.185000,2506.7303,27280.6019,G
3.190000,2507.4596,27268.0661,G
3.195000,2508.1897,27255.5266,G
3.200000,2508.9205,27242.9834,G
3.205000,2509.6521,27230.4366,G
3.210000,2510.3844,27217.8862,G
3.215000,2511.1175,27205.3321,G
3.220000,2511.8514,27192.7743,G
3.225000,2512.5861,27180.2128,G
3.230000,2513.3215,27167.6477,G
3.235000,2514.0577,27155.0789,G
3.240000,2514.7947,27142.5064,G
3.245000,2515.5324,27129.9302,G
3.250000,2516.2709,27117.3503,G
3.255000,2517.0102,27104.7667,G
3.260000,2517.7503,27092.1795,G
3.265000,2518.4911,27079.5885,G
3.270000,2519.2328,27066.9938,G
3.275000,2519.9752,27054.3954,G
3.280000,2520.7184,27041.7933,G
3.285000,2521.4624,27029.1875,G
3.290000,2522.2071,27016.5779,G
3.295000,2522.9527,27003.9647,G
3.300000,2523.6990,26991.3477,G
3.305000,2524.4462,26978.7269,G
3.310000,2525.1941,26966.1025,G
3.315000,2525.9428,26953.4742,G
3.320000,2526.6924,26940.8423,G
3.325000,2527.4427,26928.2066,G
3.330000,2528.1938,26915.5671,G
3.335000,2528.9457,26902.9239,G
3.340000,2529.6984,26890.2769,G
3.345000,2530.4519,26877.6261,G
3.350000,2531.2063,26864.9716,G
3.355000,2531.9614,26852.3133,G
3.360000,2532.7173,26839.6512,G
3.365000,2533.4741,26826.9854,G
3.370000,2534.2316,26814.3157,G
3.375000,2534.9900,26801.6423,G
3.380000,2535.7492,26788.9651,G
3.385000,2536.5091,26776.2841,G
3.390000,2537.2700,26763.5992,G
3.395000,2538.0316,26750.9106,G
3.400000,2538.7940,26738.2182,G
3.405000,2539.5573,26725.5219,G
3.410000,2540.3214,26712.8218,G
3.415000,2541.0863,26700.1179,G
3.420000,2541.8520,26687.4102,G
3.425000,2542.6186,26674.6986,G
3.430000,2543.3860,26661.9832,G
3.435000,2544.1542,26649.2640,G
3.440000,2544.9233,26636.5409,G
3.445000,2545.6931,26623.8140,G
3.450000,2546.4639,26611.0832,G
3.455000,2547.2354,26598.3486,G
3.460000,2548.0078,26585.6101,G
3.465000,2548.7810,26572.8677,G
3.470000,2549.5551,26560.1215,G
3.475000,2550.3300,26547.3714,G
3.480000,2551.1058,26534.6174,G
3.485000,2551.8824,26521.8596,G
3.490000,2552.6598,26509.0978,G
3.495000,2553.4381,26496.3322,G
3.500000,2554.2173,26483.5627,G
3.505000,2554.9973,26470.7892,G
3.510000,2555.7781,26458.0119,G
3.515000,2556.5598,26445.2307,G
3.520000,2557.3424,26432.4455,G
3.525000,2558.1258,26419.6565,G
3.530000,2558.9101,26406.8635,G
3.535000,2559.6953,26394.0666,G
3.540000,2560.4813,26381.2657,G
3.545000,2561.2681,26368.4610,G
3.550000,2562.0559,26355.6523,G
3.555000,2562.8445,26342.8396,G
3.560000,2563.6340,26330.0230,G
3.565000,2564.4243,26317.2025,G
3.570000,2565.2155,26304.3780,G
3.575000,2566.0076,26291.5495,G
3.580000,2566.8006,26278.7171,G
3.585000,2567.5945,26265.8807,G
3.590000,2568.3892,26253.0404,G
3.595000,2569.1848,26240.1961,G
3.600000,2569.9813,26227.3477,G
3.605000,2570.7787,26214.4954,G
3.610000,2571.5769,26201.6392,G
3.615000,2572.3761,26188.7789,G
3.620000,2573.1761,26175.9146,G
3.625000,2573.9771,26163.0463,G
3.630000,2574.7789,26150.1740,G
3.635000,2575.5816,26137.2977,G
3.640000,2576.3852,26124.4174,G
3.645000,2577.1897,26111.5331,G
3.650000,2577.9952,26098.6447,G
3.655000,2578.8015,26085.7523,G
3.660000,2579.6087,26072.8559,G
3.665000,2580.4168,26059.9554,G
3.670000,2581.2259,26047.0509,G
3.675000,2582.0358,26034.1423,G
3.680000,2582.8467,26021.2297,G
3.685000,2583.6584,26008.3131,G
3.690000,2584.4711,25995.3923,G
3.695000,2585.2847,25982.4675,G
3.700000,2586.0992,25969.5387,G
3.705000,2586.9146,25956.6057,G
3.710000,2587.7310,25943.6687,G
3.715000,2588.5483,25930.7276,G
3.720000,2589.3665,25917.7824,G
3.725000,2590.1856,25904.8331,G
3.730000,2591.0057,25891.8797,G
3.735000,2591.8266,25878.9222,G
3.740000,2592.6486,25865.9606,G
3.745000,2593.4714,25852.9949,G
3.750000,2594.2952,25840.0251,G
3.755000,2595.1199,25827.0511,G
3.760000,2595.9456,25814.0731,G
3.765000,2596.7722,25801.0909,G
3.770000,2597.5998,25788.1045,G
3.775000,2598.4282,25775.1140,G
3.780000,2599.2577,25762.1194,G
3.785000,2600.0881,25749.1206,G
3.790000,2600.9194,25736.1177,G
3.795000,2601.7517,25723.1106,G
3.800000,2602.5849,25710.0993,G
3.805000,2603.4191,25697.0839,G
3.810000,2604.2543,25684.0643,G
3.815000,2605.0904,25671.0405,G
3.820000,2605.9275,25658.0126,G
3.825000,2606.7656,25644.9804,G
3.830000,2607.6046,25631.9441,G
3.835000,2608.4445,25618.9035,G
3.840000,2609.2855,25605.8588,G
3.845000,2610.1274,25592.8098,G
3.850000,2610.9703,25579.7567,G
3.855000,2611.8142,25566.6993,G
3.860000,2612.6590,25553.6377,G
3.865000,2613.5048,25540.5718,G
3.870000,2614.3516,25527.5018,G
3.875000,2615.1994,25514.4275,G
3.880000,2616.0482,25501.3489,G
3.885000,2616.8980,25488.2661,G
3.890000,2617.7487,25475.1791,G
3.895000,2618.6004,25462.0878,G
3.900000,2619.4532,25448.9922,G
3.905000,2620.3069,25435.8924,G
3.910000,2621.1616,25422.7883,G
3.915000,2622.0173,25409.6799,G
3.920000,2622.8741,25396.5673,G
3.925000,2623.7318,25383.4503,G
3.930000,2624.5905,25370.3291,G
3.935000,2625.4503,25357.2036,G
3.940000,2626.3110,25344.0737,G
3.945000,2627.1728,25330.9396,G
3.950000,2628.0355,25317.8012,G
3.955000,2628.8993,25304.6584,G
3.960000,2629.7641,25291.5113,G
3.965000,2630.6300,25278.3599,G
3.970000,2631.4968,25265.2041,G
3.975000,2632.3647,25252.0440,G
3.980000,2633.2336,25238.8796,G
3.985000,2634.1035,25225.7108,G
3.990000,2634.9744,25212.5377,G
3.995000,2635.8464,25199.3602,G
4.000000,2636.7194,25186.1784,G
4.005000,2637.5935,25172.9922,G
4.010000,2638.4686,25159.8016,G
4.015000,2639.3447,25146.6066,G
4.020000,2640.2219,25133.4072,G
4.025000,2641.1001,25120.2035,G
4.030000,2641.9794,25106.9954,G
4.035000,2642.8597,25093.7828,G
4.040000,2643.7410,25080.5659,G
4.045000,2644.6234,25067.3445,G
4.050000,2645.5069,25054.1188,G
4.055000,2646.3914,25040.8886,G
4.060000,2647.2770,25027.6540,G
4.065000,2648.1637,25014.4149,G
4.070000,2649.0514,25001.1714,G
4.075000,2649.9402,24987.9235,G
4.080000,2650.8300,24974.6711,G
4.085000,2651.7209,24961.4143,G
4.090000,2652.6129,24948.1530,G
4.095000,2653.5060,24934.8873,G
4.100000,2654.4001,24921.6171,G
4.105000,2655.2954,24908.3424,G
4.110000,2656.1917,24895.0632,G
4.115000,2657.0891,24881.7796,G
4.120000,2657.9875,24868.4914,G
4.125000,3329.6939,24851.8457,E
4.130000,3331.0665,24835.1931,E
4.135000,3332.4411,24818.5337,E
4.140000,3333.8178,24801.8673,E
4.145000,3335.1966,24785.1941,E
4.150000,3336.5775,24768.5140,E
4.155000,3337.9604,24751.8269,E
4.160000,3339.3454,24735.1330,E
4.165000,3340.7325,24718.4321,E
4.170000,3342.1216,24701.7243,E
4.175000,3343.5129,24685.0095,E
4.180000,3344.9063,24668.2877,E
4.185000,2672.5360,24654.9269,G
4.190000,2673.4533,24641.5615,G
4.195000,2674.3718,24628.1914,G
4.200000,2675.2914,24614.8168,G
4.205000,2676.2121,24601.4376,G
4.210000,2677.1339,24588.0538,G
4.215000,2678.0569,24574.6653,G
4.220000,2678.9810,24561.2723,G
4.225000,2679.9063,24547.8746,G
4.230000,2680.8327,24534.4723,G
4.235000,2681.7603,24521.0654,G
4.240000,2682.6890,24507.6538,G
4.245000,2683.6189,24494.2375,G
4.250000,2684.5499,24480.8166,G
4.255000,2685.4821,24467.3911,G
4.260000,2686.4154,24453.9609,G
4.265000,2687.3499,24440.5260,G
4.270000,2688.2856,24427.0865,G
4.275000,2689.2224,24413.6422,G
4.280000,2690.1604,24400.1933,G
4.285000,2691.0996,24386.7397,G
4.290000,2692.0399,24373.2814,G
4.295000,2692.9814,24359.8183,G
4.300000,2693.9241,24346.3506,G
4.305000,2694.8680,24332.8781,G
4.310000,2695.8131,24319.4010,G
4.315000,2696.7593,24305.9191,G
4.320000,2697.7068,24292.4324,G
4.325000,2698.6554,24278.9410,G
4.330000,2699.6053,24265.4449,G
4.335000,2700.5563,24251.9440,G
4.340000,2701.5085,24238.4384,G
4.345000,2702.4620,24224.9280,G
4.350000,2703.4166,24211.4128,G
4.355000,2704.3725,24197.8929,G
4.360000,2705.3295,24184.3681,G
4.365000,2706.2878,24170.8386,G
4.370000,2707.2473,24157.3043,G
4.375000,2708.2080,24143.7652,G
4.380000,2709.1699,24130.2213,G
4.385000,2710.1331,24116.6725,G
4.390000,2711.0975,24103.1190,G
4.395000,2712.0631,24089.5606,G
4.400000,2713.0299,24075.9974,G
4.405000,2713.9980,24062.4293,G
4.410000,2714.9673,24048.8564,G
4.415000,2715.9379,24035.2787,G
4.420000,2716.9097,24021.6961,G
4.425000,2717.8828,24008.1086,G
4.430000,2718.8570,23994.5163,G
4.435000,2719.8326,23980.9190,G
4.440000,2720.8094,23967.3170,G
4.445000,2721.7875,23953.7100,G
4.450000,2722.7668,23940.0981,G
4.455000,2723.7474,23926.4813,G
4.460000,2724.7292,23912.8596,G
4.465000,2725.7123,23899.2330,G
4.470000,2726.6967,23885.6015,G
4.475000,2727.6824,23871.9651,G
4.480000,2728.6693,23858.3237,G
4.485000,2729.6575,23844.6774,G
4.490000,2730.6470,23831.0262,G
4.495000,2731.6378,23817.3699,G
4.500000,2732.6299,23803.7088,G
4.505000,2733.6232,23790.0427,G
4.510000,2734.6179,23776.3716,G
4.515000,2735.6138,23762.6955,G
4.520000,2736.6111,23749.0144,G
4.525000,2737.6096,23735.3284,G
4.530000,2738.6095,23721.6373,G
4.535000,2739.6107,23707.9413,G
4.540000,2740.6132,23694.2402,G
4.545000,2741.6169,23680.5341,G
4.550000,2742.6221,23666.8230,G
4.555000,2743.6285,23653.1069,G
4.560000,2744.6362,23639.3857,G
4.565000,2745.6453,23625.6595,G
4.570000,2746.6557,23611.9283,G
4.575000,2747.6675,23598.1920,G
4.580000,2748.6806,23584.4506,G
4.585000,2749.6950,23570.7041,G
4.590000,2750.7107,23556.9526,G
4.595000,2751.7278,23543.1960,G
4.600000,2752.7463,23529.4343,G
4.605000,2753.7661,23515.6675,G
4.610000,2754.7873,23501.8956,G
4.615000,2755.8098,23488.1186,G
4.620000,2756.8336,23474.3365,G
4.625000,2757.8589,23460.5493,G
4.630000,2758.8855,23446.7569,G
4.635000,2759.9134,23432.9594,G
4.640000,2760.9428,23419.1567,G
4.645000,2761.9735,23405.3489,G
4.650000,2763.0056,23391.5360,G
4.655000,2764.0391,23377.7178,G
4.660000,2765.0739,23363.8945,G
4.665000,2766.1102,23350.0661,G
4.670000,2767.1478,23336.2324,G
4.675000,2768.1869,23322.3935,G
4.680000,2769.2273,23308.5495,G
4.685000,2770.2692,23294.7002,G
4.690000,2771.3124,23280.8457,G
4.695000,2772.3570,23266.9860,G
4.700000,2773.4031,23253.1211,G
4.705000,2774.4506,23239.2510,G
4.710000,2775.4995,23225.3756,G
4.715000,2776.5498,23211.4949,G
4.720000,2777.6015,23197.6090,G
4.725000,2778.6547,23183.7179,G
4.730000,2779.7093,23169.8214,G
4.735000,2780.7653,23155.9197,G
4.740000,2781.8228,23142.0127,G
4.745000,2782.8817,23128.1004,G
4.750000,2783.9420,23114.1828,G
4.755000,2785.0038,23100.2599,G
4.760000,2786.0671,23086.3317,G
4.765000,2787.1318,23072.3982,G
4.770000,2788.1980,23058.4593,G
4.775000,2789.2656,23044.5151,G
4.780000,2790.3347,23030.5656,G
4.785000,2791.4052,23016.6107,G
4.790000,2792.4773,23002.6505,G
4.795000,2793.5508,22988.6849,G
4.800000,2794.6258,22974.7139,G
4.805000,2795.7022,22960.7375,G
4.810000,2796.7802,22946.7558,G
4.815000,2797.8596,22932.7687,G
4.820000,2798.9406,22918.7761,G
4.825000,2800.0230,22904.7782,G
4.830000,2801.1069,22890.7748,G
4.835000,2802.1924,22876.7660,G
4.840000,2803.2793,22862.7518,G
4.845000,2804.3678,22848.7321,G
4.850000,2805.4577,22834.7070,G
4.855000,2806.5492,22820.6765,G
4.860000,2807.6422,22806.6404,G
4.865000,2808.7367,22792.5989,G
4.870000,2809.8328,22778.5520,G
4.875000,2810.9304,22764.4995,G
4.880000,2812.0295,22750.4416,G
4.885000,2813.1302,22736.3781,G
4.890000,2814.2324,22722.3092,G
4.895000,2815.3362,22708.2347,G
4.900000,2816.4415,22694.1547,G
4.905000,2817.5484,22680.0692,G
4.910000,2818.6568,22665.9781,G
4.915000,2819.7668,22651.8815,G
4.920000,2820.8783,22637.7793,G
4.925000,2821.9915,22623.6716,G
4.930000,2823.1062,22609.5583,G
4.935000,2824.2224,22595.4394,G
4.940000,2825.3403,22581.3149,G
4.945000,2826.4597,22567.1849,G
4.950000,2827.5808,22553.0492,G
4.955000,2828.7034,22538.9079,G
4.960000,2829.8276,22524.7611,G
4.965000,2830.9534,22510.6085,G
4.970000,2832.0809,22496.4504,G
4.975000,2833.2099,22482.2866,G
4.980000,2834.3406,22468.1172,G
4.985000,2835.4728,22453.9421,G
4.990000,2836.6067,22439.7613,G
4.995000,2837.7422,22425.5749,G
5.000000,2838.8794,22411.3827,G
5.005000,2840.0182,22397.1849,G
5.010000,2841.1586,22382.9814,G
5.015000,2842.3006,22368.7722,G
5.020000,2843.4443,22354.5573,G
5.025000,2844.5897,22340.3366,G
5.030000,2845.7367,22326.1102,G
5.035000,2846.8853,22311.8781,G
5.040000,2848.0356,22297.6402,G
5.045000,2849.1876,22283.3966,G
5.050000,2850.3413,22269.1472,G
5.055000,2851.4966,22254.8920,G
5.060000,2852.6536,22240.6311,G
5.065000,2853.8123,22226.3643,G
5.070000,2854.9727,22212.0918,G
5.075000,2856.1348,22197.8134,G
5.080000,2857.2985,22183.5293,G
5.085000,2858.4640,22169.2393,G
5.090000,2859.6311,22154.9434,G
5.095000,2860.8000,22140.6418,G
5.100000,2861.9706,22126.3343,G
5.105000,2863.1429,22112.0209,G
5.110000,2864.3169,22097.7017,G
5.115000,2865.4927,22083.3766,G
5.120000,2866.6701,22069.0456,G
5.125000,2867.8493,22054.7087,G
5.130000,2869.0303,22040.3659,G
5.135000,2870.2130,22026.0172,G
5.140000,2871.3974,22011.6626,G
5.145000,2872.5836,21997.3020,G
5.150000,2873.7716,21982.9355,G
5.155000,2874.9613,21968.5631,G
5.160000,2876.1527,21954.1847,G
5.165000,2877.3460,21939.8004,G
5.170000,2878.5410,21925.4101,G
5.175000,2879.7378,21911.0138,G
5.180000,2880.9364,21896.6115,G
5.185000,2882.1367,21882.2032,G
5.190000,2883.3389,21867.7889,G
5.195000,2884.5428,21853.3686,G
5.200000,2885.7486,21838.9423,G
5.205000,2886.9561,21824.5099,G
5.210000,2888.1655,21810.0715,G
5.215000,2889.3767,21795.6271,G
5.220000,2890.5897,21781.1765,G
5.225000,2891.8045,21766.7199,G
5.230000,2893.0212,21752.2573,G
5.235000,2894.2397,21737.7885,G
5.240000,2895.4600,21723.3137,G
5.245000,2896.6822,21708.8327,G
5.250000,2897.9062,21694.3456,G
5.255000,2899.1321,21679.8524,G
5.260000,2900.3599,21665.3531,G
5.265000,2901.5895,21650.8476,G
5.270000,2902.8209,21636.3359,G
5.275000,2904.0543,21621.8181,G
5.280000,2905.2895,21607.2941,G
5.285000,2906.5266,21592.7640,G
5.290000,2907.7656,21578.2276,G
5.295000,2909.0065,21563.6851,G
5.300000,2910.2493,21549.1363,G
5.305000,2911.4939,21534.5813,G
5.310000,2912.7405,21520.0201,G
5.315000,2913.9890,21505.4527,G
5.320000,2915.2395,21490.8790,G
5.325000,2916.4918,21476.2990,G
5.330000,2917.7461,21461.7128,G
5.335000,2919.0023,21447.1203,G
5.340000,2920.2604,21432.5215,G
5.345000,2921.5205,21417.9165,G
5.350000,2922.7826,21403.3051,G
5.355000,2924.0465,21388.6874,G
5.360000,2925.3125,21374.0633,G
5.365000,2926.5804,21359.4330,G
5.370000,2927.8503,21344.7963,G
5.375000,2929.1221,21330.1532,G
5.380000,2930.3960,21315.5038,G
5.385000,2931.6718,21300.8480,G
5.390000,2932.9496,21286.1858,G
5.395000,2934.2294,21271.5172,G
5.400000,2935.5112,21256.8422,G
5.405000,2936.7951,21242.1608,G
5.410000,2938.0809,21227.4729,G
5.415000,2939.3687,21212.7787,G
5.420000,2940.6586,21198.0780,G
5.425000,2941.9505,21183.3708,G
5.430000,2943.2444,21168.6572,G
5.435000,2944.5404,21153.9371,G
5.440000,2945.8384,21139.2105,G
5.445000,2947.1385,21124.4774,G
5.450000,2948.4406,21109.7378,G
5.455000,2949.7448,21094.9917,G
5.460000,2951.0511,21080.2390,G
5.465000,2952.3594,21065.4798,G
5.470000,2953.6698,21050.7141,G
5.475000,2954.9823,21035.9418,G
5.480000,2956.2969,21021.1630,G
5.485000,2957.6135,21006.3775,G
5.490000,2958.9323,20991.5855,G
5.495000,2960.2532,20976.7869,G
5.500000,2961.5762,20961.9817,G
5.505000,2962.9013,20947.1698,G
5.510000,2964.2286,20932.3513,G
5.515000,2965.5579,20917.5262,G
5.520000,2966.8894,20902.6944,G
5.525000,2968.2231,20887.8559,G
5.530000,2969.5589,20873.0108,G
5.535000,2970.8968,20858.1590,G
5.540000,2972.2370,20843.3005,G
5.545000,2973.5792,20828.4353,G
5.550000,2974.9237,20813.5634,G
5.555000,2976.2703,20798.6847,G
5.560000,2977.6191,20783.7993,G
5.565000,2978.9702,20768.9072,G
5.570000,2980.3234,20754.0083,G
5.575000,2981.6788,20739.1026,G
5.580000,2983.0364,20724.1901,G
5.585000,2984.3962,20709.2709,G
5.590000,2985.7583,20694.3448,G
5.595000,2987.1225,20679.4119,G
5.600000,2988.4891,20664.4722,G
5.605000,2989.8578,20649.5256,G
5.610000,2991.2288,20634.5722,G
5.615000,2992.6021,20619.6120,G
5.620000,2993.9776,20604.6448,G
5.625000,2995.3554,20589.6708,G
5.630000,2996.7354,20574.6899,G
5.635000,2998.1178,20559.7021,G
5.640000,2999.5024,20544.7073,G
5.645000,3000.8893,20529.7057,G
5.650000,3002.2785,20514.6971,G
5.655000,3003.6700,20499.6815,G
5.660000,3005.0638,20484.6590,G
5.665000,3006.4600,20469.6295,G
5.670000,3007.8584,20454.5930,G
5.675000,3009.2592,20439.5495,G
5.680000,3010.6624,20424.4990,G
5.685000,3012.0678,20409.4414,G
5.690000,3013.4757,20394.3769,G
5.695000,3014.8859,20379.3053,G
5.700000,3016.2984,20364.2266,G
5.705000,3017.7134,20349.1409,G
5.710000,3019.1307,20334.0480,G
5.715000,3020.5504,20318.9481,G
5.720000,3021.9724,20303.8411,G
5.725000,3023.3969,20288.7270,G
5.730000,3024.8238,20273.6057,G
5.735000,3026.2531,20258.4773,G
5.740000,3027.6848,20243.3418,G
5.745000,3029.1190,20228.1990,G
5.750000,3030.5556,20213.0491,G
5.755000,3031.9946,20197.8920,G
5.760000,3033.4361,20182.7277,G
5.765000,3034.8800,20167.5562,G
5.770000,3036.3264,20152.3775,G
5.775000,3037.7753,20137.1915,G
5.780000,3039.2266,20121.9983,G
5.785000,3040.6805,20106.7978,G
5.790000,3042.1368,20091.5900,G
5.795000,3043.5956,20076.3750,G
5.800000,3045.0570,20061.1526,G
5.805000,3046.5208,20045.9229,G
5.810000,3047.9872,20030.6859,G
5.815000,3049.4561,20015.4416,G
5.820000,3050.9275,20000.1899,G
5.825000,3052.4015,19984.9308,G
5.830000,3053.8780,19969.6644,G
5.835000,3055.3571,19954.3906,G
5.840000,3056.8388,19939.1093,G
5.845000,3058.3230,19923.8207,G
5.850000,3059.8098,19908.5246,G
5.855000,3061.2992,19893.2211,G
5.860000,3062.7912,19877.9101,G
5.865000,3064.2858,19862.5917,G
5.870000,3065.7831,19847.2658,G
5.875000,3067.2829,19831.9323,G
5.880000,3068.7854,19816.5914,G
5.885000,3070.2905,19801.2430,G
5.890000,3071.7983,19785.8870,G
5.895000,3073.3087,19770.5235,G
5.900000,3074.8218,19755.1524,G
5.905000,3076.3375,19739.7738,G
5.910000,3077.8560,19724.3875,G
5.915000,3079.3771,19708.9937,G
5.920000,3080.9009,19693.5922,G
5.925000,3082.4274,19678.1831,G
5.930000,3083.9566,19662.7664,G
5.935000,3085.4886,19647.3420,G
5.940000,3087.0232,19631.9100,G
5.945000,3088.5606,19616.4703,G
5.950000,3090.1008,19601.0228,G
5.955000,3091.6437,19585.5677,G
5.960000,3093.1893,19570.1048,G
5.965000,3094.7378,19554.6343,G
5.970000,3096.2890,19539.1559,G
5.975000,3097.8430,19523.6698,G
5.980000,3099.3998,19508.1759,G
5.985000,3100.9594,19492.6742,G
5.990000,3102.5218,19477.1648,G
5.995000,3104.0870,19461.6475,G
6.000000,3105.6551,19446.1223,G
6.005000,3107.2260,19430.5893,G
6.010000,3108.7997,19415.0485,G
6.015000,3110.3763,19399.4998,G
6.020000,3111.9558,19383.9431,G
6.025000,3113.5381,19368.3786,G
6.030000,3115.1234,19352.8062,G
6.035000,3116.7115,19337.2258,G
6.040000,3118.3025,19321.6375,G
6.045000,3119.8965,19306.0412,G
6.050000,3121.4933,19290.4369,G
6.055000,3123.0931,19274.8246,G
6.060000,3124.6958,19259.2044,G
6.065000,3126.3015,19243.5761,G
6.070000,3127.9101,19227.9397,G
6.075000,3129.5217,19212.2953,G
6.080000,3131.1363,19196.6429,G
6.085000,3132.7539,19180.9824,G
6.090000,3134.3744,19165.3137,G
6.095000,3135.9980,19149.6370,G
6.100000,3137.6246,19133.9521,G
6.105000,3139.2542,19118.2591,G
6.110000,3140.8868,19102.5579,G
6.115000,3142.5225,19086.8486,G
6.120000,3144.1612,19071.1311,G
6.125000,3145.8030,19055.4053,G
6.130000,3147.4479,19039.6714,G
6.135000,3149.0958,19023.9292,G
6.140000,3150.7469,19008.1788,G
6.145000,3152.4010,18992.4201,G
6.150000,3154.0583,18976.6531,G
6.155000,3155.7186,18960.8778,G
6.160000,3157.3822,18945.0943,G
6.165000,3159.0488,18929.3024,G
6.170000,3160.7186,18913.5021,G
6.175000,3162.3916,18897.6935,G
6.180000,3164.0677,18881.8765,G
6.185000,3944.9465,18862.1568,E
6.190000,3947.4859,18842.4245,E
6.195000,3950.0312,18822.6794,E
6.200000,3952.5825,18802.9216,E
6.205000,3955.1397,18783.1510,E
6.210000,3957.7029,18763.3677,E
6.215000,3960.2722,18743.5714,E
6.220000,3962.8476,18723.7623,E
6.225000,3965.4290,18703.9404,E
6.230000,3968.0165,18684.1055,E
6.235000,3970.6102,18664.2576,E
6.240000,3973.2100,18644.3968,E
6.245000,3191.2406,18628.4440,G
6.250000,3192.9722,18612.4826,G
6.255000,3194.7071,18596.5125,G
6.260000,3196.4454,18580.5338,G
6.265000,3198.1872,18564.5463,G
6.270000,3199.9323,18548.5502,G
6.275000,3201.6808,18532.5453,G
6.280000,3203.4327,18516.5316,G
6.285000,3205.1881,18500.5092,G
6.290000,3206.9469,18484.4780,G
6.295000,3208.7092,18468.4380,G
6.300000,3210.4750,18452.3891,G
6.305000,3212.2442,18436.3314,G
6.310000,3214.0170,18420.2649,G
6.315000,3215.7932,18404.1895,G
6.320000,3217.5730,18388.1052,G
6.325000,3219.3563,18372.0120,G
6.330000,3221.1432,18355.9098,G
6.335000,3222.9335,18339.7987,G
6.340000,3224.7275,18323.6787,G
6.345000,3226.5251,18307.5497,G
6.350000,3228.3262,18291.4116,G
6.355000,3230.1309,18275.2646,G
6.360000,3231.9393,18259.1085,G
6.365000,3233.7513,18242.9434,G
6.370000,3235.5669,18226.7692,G
6.375000,3237.3862,18210.5859,G
6.380000,3239.2091,18194.3935,G
6.385000,3241.0358,18178.1920,G
6.390000,3242.8661,18161.9813,G
6.395000,3244.7001,18145.7615,G
6.400000,3246.5379,18129.5324,G
6.405000,3248.3793,18113.2942,G
6.410000,3250.2246,18097.0468,G
6.415000,3252.0735,18080.7901,G
6.420000,3253.9263,18064.5242,G
6.425000,3255.7828,18048.2490,G
6.430000,3257.6432,18031.9645,G
6.435000,3259.5073,18015.6707,G
6.440000,3261.3753,17999.3676,G
6.445000,3263.2471,17983.0551,G
6.450000,3265.1227,17966.7332,G
6.455000,3267.0022,17950.4020,G
6.460000,3268.8856,17934.0613,G
6.465000,3270.7729,17917.7112,G
6.470000,3272.6641,17901.3517,G
6.475000,3274.5593,17884.9827,G
6.480000,3276.4583,17868.6042,G
6.485000,3278.3613,17852.2162,G
6.490000,3280.2683,17835.8187,G
6.495000,3282.1792,17819.4116,G
6.500000,3284.0941,17802.9950,G
6.505000,3286.0131,17786.5687,G
6.510000,3287.9360,17770.1329,G
6.515000,3289.8630,17753.6874,G
6.520000,3291.7941,17737.2323,G
6.525000,3293.7292,17720.7676,G
6.530000,3295.6683,17704.2931,G
6.535000,3297.6116,17687.8089,G
6.540000,3299.5590,17671.3150,G
6.545000,3301.5105,17654.8114,G
6.550000,3303.4661,17638.2980,G
6.555000,3305.4259,17621.7748,G
6.560000,3307.3899,17605.2417,G
6.565000,3309.3580,17588.6989,G
6.570000,3311.3304,17572.1462,G
6.575000,3313.3070,17555.5836,G
6.580000,3315.2877,17539.0111,G
6.585000,3317.2728,17522.4287,G
6.590000,3319.2621,17505.8364,G
6.595000,3321.2556,17489.2341,G
6.600000,3323.2535,17472.6218,G
6.605000,3325.2557,17455.9996,G
6.610000,3327.2622,17439.3673,G
6.615000,3329.2730,17422.7249,G
6.620000,3331.2882,17406.0725,G
6.625000,3333.3078,17389.4100,G
6.630000,3335.3318,17372.7374,G
6.635000,3337.3601,17356.0547,G
6.640000,3339.3929,17339.3618,G
6.645000,3341.4301,17322.6587,G
6.650000,3343.4718,17305.9454,G
6.655000,3345.5180,17289.2219,G
6.660000,3347.5686,17272.4882,G
6.665000,3349.6238,17255.7442,G
6.670000,3351.6835,17238.9899,G
6.675000,3353.7477,17222.2253,G
6.680000,3355.8164,17205.4503,G
6.685000,3357.8898,17188.6650,G
6.690000,3359.9677,17171.8694,G
6.695000,3362.0503,17155.0633,G
6.700000,3364.1375,17138.2468,G
6.705000,3366.2293,17121.4198,G
6.710000,3368.3258,17104.5824,G
6.715000,3370.4270,17087.7344,G
6.720000,3372.5328,17070.8760,G
6.725000,3374.6434,17054.0070,G
6.730000,3376.7587,17037.1274,G
6.735000,3378.8788,17020.2373,G
6.740000,3381.0037,17003.3365,G
6.745000,3383.1333,16986.4251,G
6.750000,3385.2678,16969.5030,G
6.755000,3387.4070,16952.5703,G
6.760000,3389.5512,16935.6268,G
6.765000,3391.7002,16918.6726,G
6.770000,3393.8540,16901.7077,G
6.775000,3396.0128,16884.7319,G
6.780000,3398.1765,16867.7454,G
6.785000,3400.3452,16850.7480,G
6.790000,3402.5188,16833.7397,G
6.795000,3404.6974,16816.7206,G
6.800000,3406.8810,16799.6906,G
6.805000,3409.0696,16782.6496,G
6.810000,3411.2633,16765.5977,G
6.815000,3413.4620,16748.5348,G
6.820000,3415.6658,16731.4608,G
6.825000,3417.8747,16714.3759,G
6.830000,3420.0887,16697.2799,G
6.835000,3422.3079,16680.1728,G
6.840000,3424.5322,16663.0546,G
6.845000,3426.7617,16645.9252,G
6.850000,3428.9964,16628.7847,G
6.855000,3431.2364,16611.6330,G
6.860000,3433.4816,16594.4701,G
6.865000,3435.7320,16577.2959,G
6.870000,3437.9878,16560.1105,G
6.875000,3440.2488,16542.9138,G
6.880000,3442.5152,16525.7057,G
6.885000,3444.7869,16508.4864,G
6.890000,3447.0641,16491.2556,G
6.895000,3449.3466,16474.0134,G
6.900000,3451.6345,16456.7598,G
6.905000,3453.9279,16439.4948,G
6.910000,3456.2267,16422.2182,G
6.915000,3458.5311,16404.9302,G
6.920000,3460.8409,16387.6306,G
6.925000,3463.1563,16370.3195,G
6.930000,3465.4772,16352.9967,G
6.935000,3467.8037,16335.6624,G
6.940000,3470.1358,16318.3164,G
6.945000,3472.4735,16300.9587,G
6.950000,3474.8169,16283.5893,G
6.955000,3477.1659,16266.2081,G
6.960000,3479.5207,16248.8152,G
6.965000,3481.8811,16231.4106,G
6.970000,3484.2473,16213.9941,G
6.975000,3486.6193,16196.5657,G
6.980000,3488.9970,16179.1255,G
6.985000,3491.3806,16161.6733,G
6.990000,3493.7700,16144.2093,G
6.995000,3496.1653,16126.7332,G
7.000000,3498.5664,16109.2452,G
7.005000,3500.9735,16091.7452,G
7.010000,3503.3865,16074.2331,G
7.015000,3505.8055,16056.7089,G
7.020000,3508.2304,16039.1726,G
7.025000,3510.6614,16021.6241,G
7.030000,3513.0984,16004.0635,G
7.035000,3515.5415,15986.4907,G
7.040000,3517.9907,15968.9056,G
7.045000,3520.4460,15951.3083,G
7.050000,3522.9075,15933.6987,G
7.055000,3525.3751,15916.0768,G
7.060000,3527.8489,15898.4425,G
7.065000,3530.3289,15880.7958,G
7.070000,3532.8152,15863.1367,G
7.075000,3535.3078,15845.4652,G
7.080000,3537.8067,15827.7811,G
7.085000,3540.3119,15810.0846,G
7.090000,3542.8234,15792.3755,G
7.095000,3545.3414,15774.6538,G
7.100000,3547.8658,15756.9195,G
7.105000,3550.3966,15739.1726,G
7.110000,3552.9339,15721.4130,G
7.115000,3555.4777,15703.6407,G
7.120000,3558.0280,15685.8557,G
7.125000,3560.5849,15668.0579,G
7.130000,3563.1484,15650.2473,G
7.135000,3565.7185,15632.4238,G
7.140000,3568.2953,15614.5875,G
7.145000,3570.8787,15596.7383,G
7.150000,3573.4688,15578.8761,G
7.155000,3576.0657,15561.0010,G
7.160000,3578.6694,15543.1128,G
7.165000,3581.2798,15525.2117,G
7.170000,3583.8971,15507.2974,G
7.175000,3586.5212,15489.3701,G
7.180000,3589.1522,15471.4296,G
7.185000,3591.7902,15453.4759,G
7.190000,3594.4351,15435.5090,G
7.195000,3597.0869,15417.5289,G
7.200000,3599.7458,15399.5355,G
7.205000,3602.4118,15381.5288,G
7.210000,3605.0848,15363.5087,G
7.215000,3607.7650,15345.4752,G
7.220000,3610.4523,15327.4283,G
7.225000,3613.1467,15309.3680,G
7.230000,3615.8484,15291.2942,G
7.235000,3618.5573,15273.2068,G
7.240000,3621.2735,15255.1059,G
7.245000,3623.9970,15236.9913,G
7.250000,3626.7279,15218.8631,G
7.255000,3629.4661,15200.7213,G
7.260000,3632.2118,15182.5657,G
7.265000,3634.9649,15164.3964,G
7.270000,3637.7255,15146.2133,G
7.275000,3640.4936,15128.0164,G
7.280000,3643.2693,15109.8056,G
7.285000,3646.0525,15091.5809,G
7.290000,3648.8434,15073.3423,G
7.295000,3651.6420,15055.0897,G
7.300000,3654.4482,15036.8230,G
7.305000,3657.2622,15018.5424,G
7.310000,3660.0839,15000.2476,G
7.315000,3662.9135,14981.9387,G
7.320000,3665.7509,14963.6156,G
7.325000,3668.5962,14945.2783,G
7.330000,3671.4494,14926.9268,G
7.335000,3674.3105,14908.5609,G
7.340000,3677.1797,14890.1808,G
7.345000,3680.0569,14871.7863,G
7.350000,3682.9422,14853.3773,G
7.355000,3685.8356,14834.9539,G
7.360000,3688.7371,14816.5161,G
7.365000,3691.6469,14798.0636,G
7.370000,3694.5648,14779.5967,G
7.375000,3697.4911,14761.1151,G
7.380000,3700.4256,14742.6188,G
7.385000,3703.3685,14724.1079,G
7.390000,3706.3198,14705.5822,G
7.395000,3709.2796,14687.0417,G
7.400000,3712.2478,14668.4864,G
7.405000,3715.2245,14649.9162,G
7.410000,3718.2098,14631.3311,G
7.415000,3721.2037,14612.7311,G
7.420000,3724.2063,14594.1161,G
7.425000,3727.2175,14575.4860,G
7.430000,3730.2375,14556.8409,G
7.435000,3733.2663,14538.1806,G
7.440000,3736.3038,14519.5052,G
7.445000,3739.3503,14500.8145,G
7.450000,3742.4056,14482.1086,G
7.455000,3745.4699,14463.3874,G
7.460000,3748.5432,14444.6508,G
7.465000,3751.6256,14425.8989,G
7.470000,3754.7170,14407.1315,G
7.475000,3757.8176,14388.3486,G
7.480000,3760.9274,14369.5502,G
7.485000,3764.0464,14350.7362,G
7.490000,3767.1746,14331.9066,G
7.495000,3770.3123,14313.0613,G
7.500000,3773.4592,14294.2003,G
7.505000,3776.6156,14275.3235,G
7.510000,3779.7815,14256.4310,G
7.515000,3782.9569,14237.5225,G
7.520000,3786.1419,14218.5982,G
7.525000,3789.3364,14199.6579,G
7.530000,3792.5407,14180.7016,G
7.535000,3795.7547,14161.7293,G
7.540000,3798.9784,14142.7408,G
7.545000,3802.2120,14123.7362,G
7.550000,3805.4554,14104.7155,G
7.555000,3808.7088,14085.6784,G
7.560000,3811.9721,14066.6251,G
7.565000,3815.2455,14047.5554,G
7.570000,3818.5289,14028.4693,G
7.575000,3821.8225,14009.3668,G
7.580000,3825.1263,13990.2478,G
7.585000,3828.4403,13971.1122,G
7.590000,3831.7647,13951.9601,G
7.595000,3835.0994,13932.7912,G
7.600000,3838.4445,13913.6057,G
7.605000,3841.8000,13894.4034,G
7.610000,3845.1661,13875.1843,G
7.615000,3848.5428,13855.9484,G
7.620000,3851.9301,13836.6955,G
7.625000,3855.3281,13817.4257,G
7.630000,3858.7369,13798.1388,G
7.635000,3862.1565,13778.8349,G
7.640000,3865.5869,13759.5138,G
7.645000,3869.0283,13740.1755,G
7.650000,3872.4807,13720.8200,G
7.655000,3875.9441,13701.4472,G
7.660000,3879.4186,13682.0571,G
7.665000,3882.9043,13662.6496,G
7.670000,3886.4013,13643.2246,G
7.675000,3889.9095,13623.7820,G
7.680000,3893.4291,13604.3219,G
7.685000,3896.9602,13584.8442,G
7.690000,3900.5027,13565.3488,G
7.695000,3904.0568,13545.8356,G
7.700000,3907.6225,13526.3046,G
7.705000,3911.1999,13506.7558,G
7.710000,3914.7890,13487.1890,G
7.715000,3918.3900,13467.6043,G
7.720000,3922.0028,13448.0015,G
7.725000,3925.6276,13428.3806,G
7.730000,3929.2644,13408.7416,G
7.735000,3932.9133,13389.0843,G
7.740000,3936.5744,13369.4088,G
7.745000,3940.2477,13349.7149,G
7.750000,3943.9332,13330.0026,G
7.755000,3947.6312,13310.2718,G
7.760000,3951.3416,13290.5225,G
7.765000,3955.0645,13270.7547,G
7.770000,3958.8000,13250.9681,G
7.775000,3962.5482,13231.1629,G
7.780000,3966.3091,13211.3389,G
7.785000,3970.0828,13191.4960,G
7.790000,3973.8693,13171.6343,G
7.795000,3977.6689,13151.7535,G
7.800000,3981.4815,13131.8537,G
7.805000,3985.3072,13111.9349,G
7.810000,3989.1460,13091.9968,G
7.815000,3992.9982,13072.0395,G
7.820000,3996.8637,13052.0630,G
7.825000,4000.7426,13032.0670,G
7.830000,4004.6351,13012.0516,G
7.835000,4008.5411,12992.0167,G
7.840000,4012.4608,12971.9623,G
7.845000,4016.3943,12951.8882,G
7.850000,4020.3416,12931.7944,G
7.855000,4024.3028,12911.6808,G
7.860000,4028.2780,12891.5473,G
7.865000,4032.2673,12871.3940,G
7.870000,4036.2708,12851.2207,G
7.875000,4040.2886,12831.0272,G
7.880000,4044.3207,12810.8137,G
7.885000,4048.3672,12790.5800,G
7.890000,4052.4283,12770.3260,G
7.895000,4056.5040,12750.0516,G
7.900000,4060.5944,12729.7568,G
7.905000,4064.6996,12709.4415,G
7.910000,4068.8197,12689.1057,G
7.915000,4072.9548,12668.7492,G
7.920000,4077.1050,12648.3720,G
7.925000,4081.2704,12627.9740,G
7.930000,4085.4510,12607.5551,G
7.935000,4089.6470,12587.1152,G
7.940000,4093.8585,12566.6544,G
7.945000,4098.0855,12546.1724,G
7.950000,4102.3282,12525.6692,G
7.955000,4106.5867,12505.1448,G
7.960000,4110.8610,12484.5991,G
7.965000,4115.1513,12464.0319,G
7.970000,4119.4576,12443.4432,G
7.975000,4123.7802,12422.8330,G
7.980000,4128.1190,12402.2011,G
7.985000,4132.4742,12381.5474,G
7.990000,4136.8459,12360.8720,G
7.995000,4141.2342,12340.1746,G
8.000000,4145.6392,12319.4552,G
8.005000,4150.0610,12298.7137,G
8.010000,4154.4998,12277.9501,G
8.015000,4158.9556,12257.1643,G
8.020000,4163.4285,12236.3561,G
8.025000,4167.9187,12215.5255,G
8.030000,4172.4263,12194.6724,G
8.035000,4176.9514,12173.7967,G
8.040000,4181.4941,12152.8983,G
8.045000,4186.0546,12131.9771,G
8.050000,4190.6329,12111.0331,G
8.055000,4195.2292,12090.0662,G
8.060000,4199.8435,12069.0762,G
8.065000,4204.4761,12048.0631,G
8.070000,4209.1270,12027.0268,G
8.075000,4213.7964,12005.9671,G
8.080000,4218.4844,11984.8841,G
8.085000,4223.1912,11963.7776,G
8.090000,4227.9167,11942.6474,G
8.095000,4232.6613,11921.4936,G
8.100000,4237.4249,11900.3160,G
8.105000,4242.2079,11879.1146,G
8.110000,4247.0102,11857.8891,G
8.115000,4251.8320,11836.6396,G
8.120000,4256.6734,11815.3659,G
8.125000,4261.5347,11794.0680,G
8.130000,4266.4159,11772.7457,G
8.135000,4271.3171,11751.3989,G
8.140000,4276.2386,11730.0276,G
8.145000,4281.1804,11708.6316,G
8.150000,4286.1428,11687.2108,G
8.155000,4291.1257,11665.7651,G
8.160000,4296.1295,11644.2945,G
8.165000,4301.1543,11622.7988,G
8.170000,4306.2001,11601.2779,G
8.175000,4311.2672,11579.7317,G
8.180000,4316.3557,11558.1601,G
8.185000,4321.4657,11536.5630,G
8.190000,4326.5975,11514.9403,G
8.195000,4331.7511,11493.2918,G
8.200000,4336.9268,11471.6176,G
8.205000,4342.1247,11449.9174,G
8.210000,4347.3450,11428.1911,G
8.215000,4352.5878,11406.4386,G
8.220000,4357.8533,11384.6599,G
8.225000,4363.1417,11362.8548,G
8.230000,4368.4531,11341.0232,G
8.235000,4373.7878,11319.1649,G
8.240000,4379.1458,11297.2799,G
8.245000,5414.0071,11270.2258,E
8.250000,5422.0210,11243.1317,E
8.255000,5430.0780,11215.9975,E
8.260000,5438.1787,11188.8228,E
8.265000,5446.3233,11161.6075,E
8.270000,5454.5123,11134.3513,E
8.275000,5462.7461,11107.0541,E
8.280000,5471.0251,11079.7155,E
8.285000,5479.3499,11052.3355,E
8.290000,5487.7207,11024.9136,E
8.295000,5496.1381,10997.4498,E
8.300000,5504.6025,10969.9437,E
8.305000,4467.1125,10947.6197,G
8.310000,4472.8919,10925.2668,G
8.315000,4478.6981,10902.8849,G
8.320000,4484.5314,10880.4739,G
8.325000,4490.3920,10858.0337,G
8.330000,4496.2800,10835.5641,G
8.335000,4502.1958,10813.0650,G
8.340000,4508.1396,10790.5362,G
8.345000,4514.1115,10767.9776,G
8.350000,4520.1119,10745.3890,G
8.355000,4526.1409,10722.7704,G
8.360000,4532.1988,10700.1215,G
8.365000,4538.2858,10677.4423,G
8.370000,4544.4021,10654.7325,G
8.375000,4550.5481,10631.9921,G
8.380000,4556.7240,10609.2208,G
8.385000,4562.9299,10586.4186,G
8.390000,4569.1662,10563.5852,G
8.395000,4575.4331,10540.7206,G
8.400000,4581.7309,10517.8246,G
8.405000,4588.0599,10494.8969,G
8.410000,4594.4202,10471.9376,G
8.415000,4600.8122,10448.9463,G
8.420000,4607.2362,10425.9230,G
8.425000,4613.6924,10402.8675,G
8.430000,4620.1810,10379.7795,G
8.435000,4626.7025,10356.6591,G
8.440000,4633.2570,10333.5059,G
8.445000,4639.8449,10310.3199,G
8.450000,4646.4665,10287.1008,G
8.455000,4653.1220,10263.8485,G
8.460000,4659.8117,10240.5629,G
8.465000,4666.5360,10217.2436,G
8.470000,4673.2952,10193.8907,G
8.475000,4680.0895,10170.5039,G
8.480000,4686.9194,10147.0829,G
8.485000,4693.7850,10123.6277,G
8.490000,4699.6745,10100.1391,G
8.495000,4696.3941,10076.6506,G
8.500000,4693.1106,10053.1785,G
8.505000,4689.8241,10029.7228,G
8.510000,4686.5345,10006.2835,G
8.515000,4683.2418,9982.8607,G
8.520000,4679.9460,9959.4544,G
8.525000,4676.6471,9936.0646,G
8.530000,4673.3451,9912.6913,G
8.535000,4670.0400,9889.3344,G
8.540000,4666.7317,9865.9942,G
8.545000,4663.4204,9842.6704,G
8.550000,4660.1059,9819.3633,G
8.555000,4656.7882,9796.0727,G
8.560000,4653.4674,9772.7987,G
8.565000,4650.1435,9749.5414,G
8.570000,4646.8163,9726.3006,G
8.575000,4643.4860,9703.0765,G
8.580000,4640.1525,9679.8691,G
8.585000,4636.8158,9656.6783,G
8.590000,4633.4759,9633.5043,G
8.595000,4630.1328,9610.3469,G
8.600000,4626.7864,9587.2063,G
8.605000,4623.4368,9564.0824,G
8.610000,4620.0840,9540.9753,G
8.615000,4616.7280,9517.8849,G
8.620000,4613.3686,9494.8114,G
8.625000,4610.0061,9471.7546,G
8.630000,4606.6402,9448.7147,G
8.635000,4603.2711,9425.6916,G
8.640000,4599.8986,9402.6854,G
8.645000,4596.5229,9379.6960,G
8.650000,4593.1439,9356.7235,G
8.655000,4589.7615,9333.7679,G
8.660000,4586.3758,9310.8293,G
8.665000,4582.9868,9287.9076,G
8.670000,4579.5944,9265.0028,G
8.675000,4576.1987,9242.1150,G
8.680000,4572.7996,9219.2442,G
8.685000,4569.3972,9196.3904,G
8.690000,4565.9913,9173.5537,G
8.695000,4562.5821,9150.7339,G
8.700000,4559.1695,9127.9313,G
8.705000,4555.7534,9105.1457,G
8.710000,4552.3340,9082.3772,G
8.715000,4548.9111,9059.6258,G
8.720000,4545.4847,9036.8915,G
8.725000,4542.0550,9014.1743,G
8.730000,4538.6217,8991.4744,G
8.735000,4535.1850,8968.7916,G
8.740000,4531.7449,8946.1260,G
8.745000,4528.3012,8923.4776,G
8.750000,4524.8541,8900.8464,G
8.755000,4521.4034,8878.2325,G
8.760000,4517.9492,8855.6358,G
8.765000,4514.4915,8833.0564,G
8.770000,4511.0303,8810.4944,G
8.775000,4507.5655,8787.9496,G
8.780000,4504.0972,8765.4222,G
8.785000,4500.6253,8742.9121,G
8.790000,4497.1498,8720.4194,G
8.795000,4493.6707,8697.9441,G
8.800000,4490.1881,8675.4862,G
8.805000,4486.7018,8653.0457,G
8.810000,4483.2119,8630.6227,G
8.815000,4479.7184,8608.2171,G
8.820000,4476.2213,8585.8290,G
8.825000,4472.7205,8563.4584,G
8.830000,4469.2160,8541.1053,G
8.835000,4465.7079,8518.7697,G
8.840000,4462.1961,8496.4517,G
8.845000,4458.6806,8474.1513,G
8.850000,4455.1614,8451.8684,G
8.855000,4451.6385,8429.6032,G
8.860000,4448.1119,8407.3556,G
8.865000,4444.5816,8385.1256,G
8.870000,4441.0475,8362.9133,G
8.875000,4437.5096,8340.7187,G
8.880000,4433.9680,8318.5418,G
8.885000,4430.4226,8296.3826,G
8.890000,4426.8734,8274.2411,G
8.895000,4423.3205,8252.1174,G
8.900000,4419.7637,8230.0115,G
8.905000,4416.2031,8207.9233,G
8.910000,4412.6386,8185.8530,G
8.915000,4409.0704,8163.8005,G
8.920000,4405.4982,8141.7659,G
8.925000,4401.9222,8119.7491,G
8.930000,4398.3423,8097.7502,G
8.935000,4394.7586,8075.7693,G
8.940000,4391.1709,8053.8062,G
8.945000,4387.5793,8031.8611,G
8.950000,4383.9838,8009.9340,G
8.955000,4380.3843,7988.0249,G
8.960000,4376.7809,7966.1338,G
8.965000,4373.1736,7944.2607,G
8.970000,4369.5622,7922.4057,G
8.975000,4365.9469,7900.5687,G
8.980000,4362.3276,7878.7498,G
8.985000,4358.7043,7856.9491,G
8.990000,4355.0770,7835.1664,G
8.995000,4351.4456,7813.4019,G
9.000000,4347.8102,7791.6556,G
9.005000,4344.1707,7769.9275,G
9.010000,4340.5271,7748.2176,G
9.015000,4336.8795,7726.5259,G
9.020000,4333.2278,7704.8524,G
9.025000,4329.5719,7683.1972,G
9.030000,4325.9120,7661.5604,G
9.035000,4322.2479,7639.9418,G
9.040000,4318.5797,7618.3416,G
9.045000,4314.9073,7596.7597,G
9.050000,4311.2307,7575.1962,G
9.055000,4307.5499,7553.6511,G
9.060000,4303.8650,7532.1244,G
9.065000,4300.1758,7510.6161,G
9.070000,4296.4824,7489.1263,G
9.075000,4292.7848,7467.6550,G
9.080000,4289.0829,7446.2022,G
9.085000,4285.3767,7424.7679,G
9.090000,4281.6663,7403.3521,G
9.095000,4277.9516,7381.9549,G
9.100000,4274.2326,7360.5763,G
9.105000,4270.5092,7339.2163,G
9.110000,4266.7815,7317.8750,G
9.115000,4263.0495,7296.5522,G
9.120000,4259.3131,7275.2482,G
9.125000,4255.5723,7253.9629,G
9.130000,4251.8272,7232.6962,G
9.135000,4248.0776,7211.4483,G
9.140000,4244.3236,7190.2192,G
9.145000,4240.5652,7169.0089,G
9.150000,4236.8024,7147.8173,G
9.155000,4233.0350,7126.6446,G
9.160000,4229.2632,7105.4908,G
9.165000,4225.4869,7084.3558,G
9.170000,4221.7061,7063.2397,G
9.175000,4217.9208,7042.1425,G
9.180000,4214.1310,7021.0643,G
9.185000,4210.3366,7000.0050,G
9.190000,4206.5376,6978.9647,G
9.195000,4202.7340,6957.9434,G
9.200000,4198.9259,6936.9412,G
9.205000,4195.1131,6915.9580,G
9.210000,4191.2958,6894.9939,G
9.215000,4187.4737,6874.0488,G
9.220000,4183.6470,6853.1230,G
9.225000,4179.8157,6832.2162,G
9.230000,4175.9796,6811.3286,G
9.235000,4172.1389,6790.4603,G
9.240000,4168.2934,6769.6111,G
9.245000,4164.4432,6748.7812,G
9.250000,4160.5882,6727.9705,G
9.255000,4156.7285,6707.1792,G
9.260000,4152.8640,6686.4071,G
9.265000,4148.9947,6665.6544,G
9.270000,4145.1205,6644.9210,G
9.275000,4141.2416,6624.2071,G
9.280000,4137.3577,6603.5125,G
9.285000,4133.4690,6582.8374,G
9.290000,4129.5755,6562.1817,G
9.295000,4125.6770,6541.5455,G
9.300000,4121.7736,6520.9289,G
9.305000,4117.8653,6500.3317,G
9.310000,4113.9520,6479.7541,G
9.315000,4110.0337,6459.1961,G
9.320000,4106.1105,6438.6577,G
9.325000,4102.1822,6418.1390,G
9.330000,4098.2490,6397.6398,G
9.335000,4094.3107,6377.1604,G
9.340000,4090.3673,6356.7007,G
9.345000,4086.4188,6336.2607,G
9.350000,4082.4653,6315.8405,G
9.355000,4078.5066,6295.4400,G
9.360000,4074.5429,6275.0594,G
9.365000,4070.5739,6254.6986,G
9.370000,4066.5998,6234.3576,G
9.375000,4062.6205,6214.0365,G
9.380000,4058.6361,6193.7354,G
9.385000,4054.6463,6173.4542,G
9.390000,4050.6514,6153.1929,G
9.395000,4046.6512,6132.9517,G
9.400000,4042.6457,6112.7304,G
9.405000,4038.6349,6092.5292,G
9.410000,4034.6188,6072.3481,G
9.415000,4030.5973,6052.1871,G
9.420000,4026.5705,6032.0462,G
9.425000,4022.5383,6011.9254,G
9.430000,4018.5007,5991.8248,G
9.435000,4014.4577,5971.7444,G
9.440000,4010.4093,5951.6843,G
9.445000,4006.3554,5931.6444,G
9.450000,4002.2960,5911.6248,G
9.455000,3998.2311,5891.6255,G
9.460000,3994.1607,5871.6466,G
9.465000,3990.0848,5851.6880,G
9.470000,3986.0033,5831.7498,G
9.475000,3981.9162,5811.8321,G
9.480000,3977.8236,5791.9348,G
9.485000,3973.7253,5772.0579,G
9.490000,3969.6213,5752.2016,G
9.495000,3965.5117,5732.3658,G
9.500000,3961.3964,5712.5506,G
9.505000,3957.2754,5692.7560,G
9.510000,3953.1487,5672.9820,G
9.515000,3949.0162,5653.2287,G
9.520000,3944.8779,5633.4960,G
9.525000,3940.7338,5613.7840,G
9.530000,3936.5840,5594.0928,G
9.535000,3932.4282,5574.4223,G
9.540000,3928.2667,5554.7727,G
9.545000,3924.0992,5535.1439,G
9.550000,3919.9258,5515.5359,G
9.555000,3915.7465,5495.9488,G
9.560000,3911.5612,5476.3826,G
9.565000,3907.3699,5456.8374,G
9.570000,3903.1727,5437.3131,G
9.575000,3898.9694,5417.8099,G
9.580000,3894.7600,5398.3276,G
9.585000,3890.5446,5378.8665,G
9.590000,3886.3231,5359.4264,G
9.595000,3882.0955,5340.0075,G
9.600000,3877.8617,5320.6097,G
9.605000,3873.6217,5301.2331,G
9.610000,3869.3755,5281.8777,G
9.615000,3865.1232,5262.5436,G
9.620000,3860.8645,5243.2308,G
9.625000,3856.5996,5223.9392,G
9.630000,3852.3284,5204.6691,G
9.635000,3848.0509,5185.4202,G
9.640000,3843.7670,5166.1928,G
9.645000,3839.4767,5146.9869,G
9.650000,3835.1801,5127.8024,G
9.655000,3830.8770,5108.6394,G
9.660000,3826.5674,5089.4979,G
9.665000,3822.2514,5070.3780,G
9.670000,3817.9289,5051.2797,G
9.675000,3813.5998,5032.2031,G
9.680000,3809.2642,5013.1481,G
9.685000,3804.9219,4994.1148,G
9.690000,3800.5731,4975.1032,G
9.695000,3796.2176,4956.1134,G
9.700000,3791.8554,4937.1454,G
9.705000,3787.4865,4918.1992,G
9.710000,3783.1109,4899.2749,G
9.715000,3778.7286,4880.3725,G
9.720000,3774.3394,4861.4920,G
9.725000,3769.9435,4842.6335,G
9.730000,3765.5407,4823.7970,G
9.735000,3761.1310,4804.9825,G
9.740000,3756.7144,4786.1901,G
9.745000,3752.2908,4767.4198,G
9.750000,3747.8603,4748.6717,G
9.755000,3743.4228,4729.9457,G
9.760000,3738.9783,4711.2419,G
9.765000,3734.5268,4692.5604,G
9.770000,3730.0681,4673.9011,G
9.775000,3725.6023,4655.2641,G
9.780000,3721.1294,4636.6496,G
9.785000,3716.6493,4618.0573,G
9.790000,3712.1619,4599.4876,G
9.795000,3707.6674,4580.9402,G
9.800000,3703.1655,4562.4154,G
9.805000,3698.6563,4543.9131,G
9.810000,3694.1398,4525.4334,G
9.815000,3689.6160,4506.9762,G
9.820000,3685.0847,4488.5417,G
9.825000,3680.5459,4470.1299,G
9.830000,3675.9997,4451.7408,G
9.835000,3671.4460,4433.3745,G
9.840000,3666.8847,4415.0309,G
9.845000,3662.3159,4396.7102,G
9.850000,3657.7394,4378.4124,G
9.855000,3653.1553,4360.1374,G
9.860000,3648.5635,4341.8854,G
9.865000,3643.9640,4323.6564,G
9.870000,3639.3567,4305.4504,G
9.875000,3634.7417,4287.2674,G
9.880000,3630.1188,4269.1076,G
9.885000,3625.4880,4250.9709,G
9.890000,3620.8494,4232.8574,G
9.895000,3616.2028,4214.7671,G
9.900000,3611.5482,4196.7000,G
9.905000,3606.8856,4178.6563,G
9.910000,3602.2150,4160.6358,G
9.915000,3597.5363,4142.6388,G
9.920000,3592.8494,4124.6652,G
9.925000,3588.1544,4106.7150,G
9.930000,3583.4512,4088.7883,G
9.935000,3578.7397,4070.8852,G
9.940000,3574.0199,4053.0057,G
9.945000,3569.2918,4035.1498,G
9.950000,3564.5554,4017.3175,G
9.955000,3559.8105,3999.5090,G
9.960000,3555.0572,3981.7242,G
9.965000,3550.2954,3963.9632,G
9.970000,3545.5251,3946.2260,G
9.975000,3540.7461,3928.5127,G
9.980000,3535.9586,3910.8233,G
9.985000,3531.1624,3893.1579,G
9.990000,3526.3575,3875.5165,G
9.995000,3521.5439,3857.8992,G
10.000000,3516.7214,3840.3059,G
10.005000,3511.8902,3822.7368,G
10.010000,3507.0500,3805.1919,G
10.015000,3502.2009,3787.6711,G
10.020000,3497.3429,3770.1747,G
10.025000,3492.4758,3752.7026,G
10.030000,3487.5997,3735.2548,G
10.035000,3482.7145,3717.8315,G
10.040000,3477.8201,3700.4326,G
10.045000,3472.9165,3683.0582,G
10.050000,3468.0036,3665.7084,G
10.055000,3463.0815,3648.3831,G
10.060000,3458.1500,3631.0825,G
10.065000,3453.2091,3613.8066,G
10.070000,3448.2588,3596.5554,G
10.075000,3443.2989,3579.3289,G
10.080000,3438.3295,3562.1274,G
10.085000,3433.3506,3544.9506,G
10.090000,3428.3619,3527.7988,G
10.095000,3423.3636,3510.6720,G
10.100000,3418.3555,3493.5702,G
10.105000,3413.3377,3476.4935,G
10.110000,3408.3099,3459.4419,G
10.115000,3403.2723,3442.4155,G
10.120000,3398.2247,3425.4142,G
10.125000,3393.1670,3408.4383,G
10.130000,3388.0993,3391.4876,G
10.135000,3383.0215,3374.5624,G
10.140000,3377.9335,3357.6625,G
10.145000,3372.8352,3340.7881,G
10.150000,3367.7266,3323.9393,G
10.155000,3362.6077,3307.1160,G
10.160000,3357.4784,3290.3184,G
10.165000,3352.3386,3273.5464,G
10.170000,3347.1882,3256.8001,G
10.175000,3342.0273,3240.0797,G
10.180000,3336.8557,3223.3850,G
10.185000,3331.6734,3206.7163,G
10.190000,3326.4804,3190.0735,G
10.195000,3321.2765,3173.4567,G
10.200000,3316.0617,3156.8660,G
10.205000,3310.8359,3140.3013,G
10.210000,3305.5991,3123.7629,G
10.215000,3300.3513,3107.2506,G
10.220000,3295.0922,3090.7646,G
10.225000,3289.8220,3074.3050,G
10.230000,3284.5405,3057.8717,G
10.235000,3279.2476,3041.4649,G
10.240000,3273.9433,3025.0846,G
10.245000,3268.6275,3008.7308,G
10.250000,3263.3002,2992.4036,G
10.255000,3257.9612,2976.1031,G
10.260000,3252.6106,2959.8294,G
10.265000,3247.2481,2943.5824,G
10.270000,3241.8739,2927.3623,G
10.275000,3236.4877,2911.1691,G
10.280000,3231.0896,2895.0028,G
10.285000,3225.6794,2878.8636,G
10.290000,3220.2570,2862.7515,G
10.295000,3214.8225,2846.6665,G
10.300000,3209.3757,2830.6087,G
10.305000,3955.5633,2810.8142,E
10.310000,3947.2117,2791.0614,E
10.315000,3938.8365,2771.3505,E
10.320000,3930.4375,2751.6815,E
10.325000,3922.0144,2732.0546,E
10.330000,3913.5672,2712.4698,E
10.335000,3905.0956,2692.9274,E
10.340000,3896.5993,2673.4274,E
10.345000,3888.0783,2653.9700,E
10.350000,3879.5324,2634.5552,E
10.355000,3870.9612,2615.1832,E
10.360000,3862.3647,2595.8542,E
10.365000,3121.5068,2580.2354,G
10.370000,3115.8413,2564.6448,G
10.375000,3110.1620,2549.0827,G
10.380000,3104.4688,2533.5489,G
10.385000,3098.7617,2518.0437,G
10.390000,3093.0405,2502.5670,G
10.395000,3087.3052,2487.1190,G
10.400000,3081.5557,2471.6997,G
10.405000,3075.7917,2456.3093,G
10.410000,3070.0134,2440.9476,G
10.415000,3064.2205,2425.6149,G
10.420000,3058.4129,2410.3112,G
10.425000,3052.5906,2395.0366,G
10.430000,3046.7535,2379.7912,G
10.435000,3040.9014,2364.5750,G
10.440000,3035.0343,2349.3881,G
10.445000,3029.1519,2334.2305,G
10.450000,3023.2543,2319.1025,G
10.455000,3017.3414,2304.0039,G
10.460000,3011.4129,2288.9350,G
10.465000,3005.4688,2273.8958,G
10.470000,2999.5090,2258.8863,G
10.475000,2993.5334,2243.9067,G
10.480000,2987.5418,2228.9570,G
10.485000,2981.5341,2214.0373,G
10.490000,2975.5102,2199.1477,G
10.495000,2969.4701,2184.2882,G
10.500000,2963.4135,2169.4590,G
10.505000,2957.3403,2154.6602,G
10.510000,2951.2505,2139.8917,G
10.515000,2945.1439,2125.1538,G
10.520000,2939.0203,2110.4465,G
10.525000,2932.8796,2095.7698,G
10.530000,2926.7218,2081.1238,G
10.535000,2920.5466,2066.5087,G
10.540000,2914.3540,2051.9246,G
10.545000,2908.1438,2037.3714,G
10.550000,2901.9158,2022.8494,G
10.555000,2895.6699,2008.3585,G
10.560000,2889.4061,1993.8990,G
10.565000,2883.1240,1979.4708,G
10.570000,2876.8237,1965.0741,G
10.575000,2870.5049,1950.7089,G
10.580000,2864.1674,1936.3754,G
10.585000,2857.8113,1922.0736,G
10.590000,2851.4362,1907.8037,G
10.595000,2845.0420,1893.5657,G
10.600000,2838.6286,1879.3597,G
10.605000,2832.1959,1865.1858,G
10.610000,2825.7436,1851.0442,G
10.615000,2819.2715,1836.9349,G
10.620000,2812.7796,1822.8580,G
10.625000,2806.2677,1808.8136,G
10.630000,2799.7355,1794.8019,G
10.635000,2793.1829,1780.8228,G
10.640000,2786.6098,1766.8766,G
10.645000,2780.0159,1752.9634,G
10.650000,2773.4011,1739.0831,G
10.655000,2766.7652,1725.2360,G
10.660000,2760.1079,1711.4222,G
10.665000,2753.4292,1697.6416,G
10.670000,2746.7288,1683.8946,G
10.675000,2740.0066,1670.1811,G
10.680000,2733.2622,1656.5013,G
10.685000,2726.4956,1642.8553,G
10.690000,2719.7066,1629.2432,G
10.695000,2712.8948,1615.6650,G
10.700000,2706.0601,1602.1211,G
10.705000,2699.2024,1588.6113,G
10.710000,2692.3213,1575.1360,G
10.715000,2685.4167,1561.6951,G
10.720000,2678.4883,1548.2887,G
10.725000,2671.5359,1534.9171,G
10.730000,2664.5593,1521.5804,G
10.735000,2657.5583,1508.2786,G
10.740000,2650.5326,1495.0119,G
10.745000,2643.4819,1481.7803,G
10.750000,2636.4061,1468.5841,G
10.755000,2629.3048,1455.4234,G
10.760000,2622.1779,1442.2983,G
10.765000,2615.0250,1429.2088,G
10.770000,2607.8459,1416.1552,G
10.775000,2600.6404,1403.1376,G
10.780000,2593.4081,1390.1561,G
10.785000,2586.1489,1377.2108,G
10.790000,2578.8623,1364.3019,G
10.795000,2571.5482,1351.4295,G
10.800000,2564.2062,1338.5938,G
10.805000,2556.8361,1325.7949,G
10.810000,2549.4375,1313.0329,G
10.815000,2542.0102,1300.3080,G
10.820000,2534.5538,1287.6203,G
10.825000,2527.0680,1274.9699,G
10.830000,2519.5526,1262.3571,G
10.835000,2512.0071,1249.7820,G
10.840000,2504.4312,1237.2447,G
10.845000,2496.8247,1224.7453,G
10.850000,2489.1871,1212.2841,G
10.855000,2481.5181,1199.8612,G
10.860000,2473.8174,1187.4767,G
10.865000,2466.0845,1175.1308,G
10.870000,2458.3192,1162.8236,G
10.875000,2450.5210,1150.5554,G
10.880000,2442.6896,1138.3263,G
10.885000,2434.8245,1126.1364,G
10.890000,2426.9254,1113.9860,G
10.895000,2418.9918,1101.8751,G
10.900000,2411.0234,1089.8041,G
10.905000,2403.0196,1077.7730,G
10.910000,2394.9802,1065.7820,G
10.915000,2386.9046,1053.8313,G
10.920000,2378.7923,1041.9211,G
10.925000,2370.6430,1030.0515,G
10.930000,2362.4562,1018.2229,G
10.935000,2354.2313,1006.4352,G
10.940000,2345.9679,994.6889,G
10.945000,2337.6655,982.9839,G
10.950000,2329.3235,971.3206,G
10.955000,2320.9416,959.6991,G
10.960000,2312.5190,948.1197,G
10.965000,2304.0553,936.5824,G
10.970000,2295.5499,925.0877,G
10.975000,2287.0022,913.6355,G
10.980000,2278.4118,902.2263,G
10.985000,2269.7778,890.8601,G
10.990000,2261.0999,879.5372,G
10.995000,2252.3773,868.2579,G
11.000000,2243.6093,857.0223,G
11.005000,2234.7954,845.8307,G
11.010000,2225.9349,834.6832,G
11.015000,2217.0271,823.5803,G
11.020000,2208.0713,812.5220,G
11.025000,2199.0667,801.5086,G
11.030000,2190.0127,790.5404,G
11.035000,2180.9084,779.6177,G
11.040000,2171.7532,768.7406,G
11.045000,2162.5461,757.9094,G
11.050000,2153.2865,747.1244,G
11.055000,2143.9734,736.3859,G
11.060000,2134.6060,725.6941,G
11.065000,2125.1834,715.0493,G
11.070000,2115.7048,704.4518,G
11.075000,2106.1692,693.9019,G
11.080000,2096.5756,683.3998,G
11.085000,2086.9230,672.9459,G
11.090000,2077.2105,662.5404,G
11.095000,2067.4370,652.1836,G
11.100000,2057.6015,641.8759,G
11.105000,2047.7029,631.6176,G
11.110000,2037.7399,621.4089,G
11.115000,2027.7116,611.2503,G
11.120000,2017.6166,601.1420,G
11.125000,2007.4537,591.0843,G
11.130000,1997.2217,581.0777,G
11.135000,1986.9193,571.1225,G
11.140000,1976.5451,561.2190,G
11.145000,1966.0977,551.3676,G
11.150000,1955.5757,541.5686,G
11.155000,1944.9776,531.8225,G
11.160000,1934.3019,522.1296,G
11.165000,1923.5469,512.4904,G
11.170000,1912.7111,502.9051,G
11.175000,1901.7927,493.3743,G
11.180000,1890.7900,483.8983,G
11.185000,1879.7011,474.4776,G
11.190000,1868.5243,465.1126,G
11.195000,1857.2575,455.8037,G
11.200000,1845.8988,446.5514,G
11.205000,1834.4459,437.3563,G
11.210000,1822.8968,428.2187,G
11.215000,1811.2493,419.1391,G
11.220000,1799.5008,410.1180,G
11.225000,1787.6491,401.1560,G
11.230000,1775.6915,392.2536,G
11.235000,1763.6255,383.4113,G
11.240000,1751.4483,374.6297,G
11.245000,1739.1570,365.9093,G
11.250000,1726.7486,357.2507,G
11.255000,1714.2200,348.6545,G
11.260000,1701.5679,340.1213,G
11.265000,1688.7890,331.6517,G
11.270000,1675.8797,323.2464,G
11.275000,1662.8362,314.9061,G
11.280000,1649.6546,306.6314,G
11.285000,1636.3309,298.4231,G
11.290000,1622.8608,290.2818,G
11.295000,1609.2396,282.2083,G
11.300000,1595.4628,274.2033,G
11.305000,1581.5252,266.2678,G
11.310000,1567.4216,258.4024,G
11.315000,1553.1465,250.6080,G
11.320000,1538.6940,242.8856,G
11.325000,1524.0579,235.2359,G
11.330000,1509.2316,227.6601,G
11.335000,1494.2082,220.1589,G
11.340000,1478.9802,212.7334,G
11.345000,1463.5399,205.3848,G
11.350000,1447.8788,198.1140,G
11.355000,1431.9882,190.9222,G
11.360000,1415.8584,183.8105,G
11.365000,1399.4792,176.7802,G
11.370000,1382.8399,169.8327,G
11.375000,1365.9286,162.9691,G
11.380000,1348.7328,156.1909,G
11.385000,1331.2390,149.4996,G
11.390000,1313.4323,142.8967,G
11.395000,1295.2971,136.3838,G
11.400000,1276.8159,129.9626,G
11.405000,1257.9701,123.6349,G
11.410000,1238.7390,117.4026,G
11.415000,1219.1002,111.2677,G
11.420000,1199.0291,105.2322,G
11.425000,1178.4982,99.2985,G
11.430000,1157.4775,93.4688,G
11.435000,1135.9333,87.7459,G
11.440000,1113.8281,82.1323,G
11.445000,1091.1197,76.6310,G
11.450000,1067.7605,71.2452,G
11.455000,1043.6965,65.9783,G
11.460000,1018.8657,60.8340,G
11.465000,993.1969,55.8163,G
11.470000,966.6071,50.9297,G
11.475000,938.9993,46.1791,G
11.480000,910.2583,41.5698,G
11.485000,880.2457,37.1081,G
11.490000,848.7934,32.8006,G
11.495000,815.6934,28.6552,G
11.500000,780.6830,24.6809,G
11.505000,743.4237,20.8883,G
11.510000,703.4651,17.2899,G
11.515000,660.1873,13.9009,G
11.520000,612.6956,10.7405,G
11.525000,559.6145,7.8337,G
11.530000,498.6285,5.2148,G
11.535000,425.2413,2.9354,G
11.540000,328.0399,1.0869,G
11.545000,132.2937,0.0000,G
